pcode_st,name_st,pcode_dt,name_dt,pcode_ts,name_ts,mean_hhsize,hh_1,hh_2,hh_3,hh_4,hh_5,hh_6,hh_7,hh_8,hh_9
MMR001,Kachin,MMR001D001,Myitkyina,MMR001001,Myitkyina,5,1771,4523,7356,9091,8578,6739,4869,4107,5557
MMR001,Kachin,MMR001D001,Myitkyina,MMR001002,Waingmaw,5,933,2088,3043,3767,3886,3215,2320,1653,1955
MMR001,Kachin,MMR001D001,Myitkyina,MMR001003,Injangyang,5,25,29,36,43,29,45,34,23,21
MMR001,Kachin,MMR001D001,Myitkyina,MMR001004,Tanai,6,214,638,1109,1421,1263,1127,924,750,1082
MMR001,Kachin,MMR001D001,Myitkyina,MMR001005,Chipwi,6,118,236,357,442,486,462,374,351,480
MMR001,Kachin,MMR001D001,Myitkyina,MMR001006,Tsawlaw,6,44,73,88,132,144,131,132,142,187
MMR001,Kachin,MMR001D002,Mohnyin,MMR001007,Mohnyin,5,1777,3726,5793,7541,7058,5287,3419,2310,2711
MMR001,Kachin,MMR001D002,Mohnyin,MMR001008,Mogaung,5,1026,2265,3503,4532,4342,3374,2320,1614,1922
MMR001,Kachin,MMR001D002,Mohnyin,MMR001009,Hpakant,5,1926,4045,6477,7113,6100,4263,2866,2411,1431
MMR001,Kachin,MMR001D003,Bhamo,MMR001010,Bhamo,5,916,2187,3689,4847,4473,3208,2000,1329,1512
MMR001,Kachin,MMR001D003,Bhamo,MMR001011,Shwegu,5,496,1151,2396,3255,3181,2400,1536,1060,1146
MMR001,Kachin,MMR001D003,Bhamo,MMR001012,Momauk,5,652,1123,1908,2521,2258,1656,976,634,642
MMR001,Kachin,MMR001D003,Bhamo,MMR001013,Mansi,5,317,786,1529,2333,2185,1496,906,563,439
MMR001,Kachin,MMR001D004,Puta-O,MMR001014,Puta-O,6,382,845,1247,1555,1714,1589,1317,1045,1049
MMR001,Kachin,MMR001D004,Puta-O,MMR001015,Sumprabum,5,30,53,65,72,60,78,41,38,42
MMR001,Kachin,MMR001D004,Puta-O,MMR001016,Machanbaw,5,76,195,263,290,265,231,176,122,101
MMR001,Kachin,MMR001D004,Puta-O,MMR001018,Khaunglanhpu,7,14,43,67,157,221,289,290,351,279
MMR001,Kachin,MMR001D004,Puta-O,MMR001017,Nawngmun,6,34,83,118,156,189,191,160,126,155
MMR002,Kayah,MMR002D001,Loikaw,MMR002001,Loikaw,5,1325,2737,4585,5393,4650,3318,1965,1293,1229
MMR002,Kayah,MMR002D001,Loikaw,MMR002002,Demoso,5,576,1167,2094,2703,2753,2304,1641,1097,1012
MMR002,Kayah,MMR002D001,Loikaw,MMR002003,Hpruso,5,409,639,847,956,929,746,558,503,323
MMR002,Kayah,MMR002D001,Loikaw,MMR002004,Shadaw,5,91,149,212,253,232,188,131,97,53
MMR002,Kayah,MMR002D002,Bawlake,MMR002005,Bawlakhe,4,99,256,396,428,394,231,122,72,83
MMR002,Kayah,MMR002D002,Bawlake,MMR002006,Hpasawng,5,226,563,783,784,692,568,473,348,296
MMR002,Kayah,MMR002D002,Bawlake,MMR002007,Mese,4,63,136,274,281,251,133,93,41,30
MMR003,Kayin,MMR003D001,Hpa-An,MMR003001,Hpa-An,5,5047,10398,15542,17524,14961,10575,6716,4293,4141
MMR003,Kayin,MMR003D001,Hpa-An,MMR003002,Hlaingbwe,5,2712,5136,7829,9599,9045,7270,4787,3350,3392
MMR003,Kayin,MMR003D001,Hpa-An,MMR003004,Thandaunggyi,5,763,1652,2798,3474,3296,2765,2013,1385,994
MMR003,Kayin,MMR003D004,Hpapun,MMR003003,Hpapun,5,252,603,945,1095,1093,968,638,448,460
MMR003,Kayin,MMR003D002,Myawaddy,MMR003005,Myawaddy,5,1870,5476,8215,8782,7198,5083,3095,2155,2142
MMR003,Kayin,MMR003D003,Kawkareik,MMR003006,Kawkareik,5,2218,4822,7493,8907,7908,5654,3629,2502,2365
MMR003,Kayin,MMR003D003,Kawkareik,MMR003007,Kyainseikgyi,5,1804,4778,7692,9982,9003,6852,4541,3071,2845
MMR004,Chin,MMR004D003,Hakha,MMR004002,Hakha,5,696,1073,1477,1667,1605,1392,950,582,475
MMR004,Chin,MMR004D003,Hakha,MMR004003,Thantlang,5,489,852,1127,1522,1653,1552,1157,850,580
MMR004,Chin,MMR004D001,Falam,MMR004001,Falam,5,819,1094,1211,1430,1526,1303,948,705,590
MMR004,Chin,MMR004D001,Falam,MMR004004,Tedim,6,743,1298,1464,1669,1838,1845,1652,1662,2512
MMR004,Chin,MMR004D001,Falam,MMR004005,Tonzang,6,138,277,402,562,620,668,648,1014,612
MMR004,Chin,MMR004D002,Mindat,MMR004006,Mindat,5,694,1039,1059,1223,1215,1102,875,650,665
MMR004,Chin,MMR004D002,Mindat,MMR004007,Matupi,5,678,1161,1278,1411,1545,1377,1169,874,664
MMR004,Chin,MMR004D002,Mindat,MMR004008,Kanpetlet,5,289,388,486,536,522,549,446,354,407
MMR004,Chin,MMR004D002,Mindat,MMR004009,Paletwa,5,722,1934,2938,3422,3392,2875,1958,1303,972
MMR005,Sagaing,MMR005D001,Sagaing,MMR005001,Sagaing,4,2982,8178,13119,14919,10870,6840,3932,2380,1923
MMR005,Sagaing,MMR005D001,Sagaing,MMR005002,Myinmu,4,1358,3162,5504,5866,4263,2576,1391,739,445
MMR005,Sagaing,MMR005D001,Sagaing,MMR005003,Myaung,4,1340,3084,4845,5478,4107,2600,1429,838,541
MMR005,Sagaing,MMR005D002,Shwebo,MMR005004,Shwebo,5,2302,6472,11259,12688,9689,6355,3749,2449,2334
MMR005,Sagaing,MMR005D002,Shwebo,MMR005005,Khin-U,4,1233,3410,6447,7562,5987,3733,2226,1173,853
MMR005,Sagaing,MMR005D002,Shwebo,MMR005006,Wetlet,4,2090,6265,10504,10816,7718,4588,2497,1453,781
MMR005,Sagaing,MMR005D002,Shwebo,MMR005007,Kanbalu,5,1787,5285,10231,13738,11643,8127,4895,3020,2600
MMR005,Sagaing,MMR005D002,Shwebo,MMR005008,Kyunhla,5,639,1738,3313,4750,3883,2628,1746,1164,1002
MMR005,Sagaing,MMR005D002,Shwebo,MMR005009,Ye-U,4,1442,3390,5275,5747,4302,2744,1644,1044,785
MMR005,Sagaing,MMR005D002,Shwebo,MMR005010,Tabayin,5,1315,3253,5496,6555,5307,3614,2226,1400,1179
MMR005,Sagaing,MMR005D002,Shwebo,MMR005011,Taze,5,1769,3908,6264,7715,6351,4338,2640,1584,1368
MMR005,Sagaing,MMR005D003,Monywa,MMR005012,Monywa,5,3249,8582,14241,16092,12616,8295,5398,3594,3895
MMR005,Sagaing,MMR005D003,Monywa,MMR005013,Budalin,4,1798,3910,5676,6058,4806,3026,1705,977,660
MMR005,Sagaing,MMR005D003,Monywa,MMR005014,Ayadaw,4,1500,4392,7404,8024,5971,3932,2214,1385,769
MMR005,Sagaing,MMR005D003,Monywa,MMR005015,Chaung-U,4,1091,2616,4799,5385,3783,2606,1464,921,711
MMR005,Sagaing,MMR005D004,Katha,MMR005020,Katha,5,1037,2398,4510,6286,6114,4609,3109,1935,1963
MMR005,Sagaing,MMR005D004,Katha,MMR005021,Indaw,5,864,1881,3148,4315,4297,3403,2367,1469,1486
MMR005,Sagaing,MMR005D004,Katha,MMR005022,Tigyaing,5,831,2194,4514,5937,5201,3432,2045,1309,926
MMR005,Sagaing,MMR005D004,Katha,MMR005023,Banmauk,5,418,1101,2214,3310,3513,2946,2186,1497,1683
MMR005,Sagaing,MMR005D004,Katha,MMR005024,Kawlin,5,1148,3089,5930,7628,5648,3656,2131,1209,964
MMR005,Sagaing,MMR005D004,Katha,MMR005025,Wuntho,5,471,1266,2132,2837,2586,2006,1299,797,811
MMR005,Sagaing,MMR005D004,Katha,MMR005026,Pinlebu,5,598,1615,3066,4534,4245,3229,2029,1334,1250
MMR005,Sagaing,MMR005D005,Kale,MMR005027,Kale,5,2836,7389,12842,16197,12609,8645,5268,3471,3512
MMR005,Sagaing,MMR005D005,Kale,MMR005028,Kalewa,5,417,968,1949,2730,2216,1507,965,546,437
MMR005,Sagaing,MMR005D005,Kale,MMR005029,Mingin,5,782,1986,3658,4914,4284,2919,1765,994,756
MMR005,Sagaing,MMR005D006,Tamu,MMR005030,Tamu,5,957,2152,3334,4200,3958,2915,2082,1360,1633
MMR005,Sagaing,MMR005D007,Mawlaik,MMR005031,Mawlaik,5,418,938,1540,2112,1873,1443,953,554,514
MMR005,Sagaing,MMR005D007,Mawlaik,MMR005032,Paungbyin,6,505,1338,2428,3302,3540,3249,2274,1683,1927
MMR005,Sagaing,MMR005D008,Hkamti,MMR005033,Hkamti,5,340,746,1117,1272,1203,934,650,526,573
MMR005,Sagaing,MMR005D008,Hkamti,MMR005034,Homalin,6,987,2568,4275,5420,5896,5389,4125,3270,3813
MMR005,Sagaing,MMR005D008,Hkamti,MMR005035,Lay Shi,5,115,226,240,328,306,267,193,157,134
MMR005,Sagaing,MMR005D008,Hkamti,MMR005036,Lahe,6,293,597,824,1099,1208,1266,1164,1290,1191
MMR005,Sagaing,MMR005D008,Hkamti,MMR005037,Nanyun,6,149,432,719,828,1020,1117,1073,1036,1466
MMR005,Sagaing,MMR005D009,Yinmabin,MMR005016,Yinmabin,5,916,2493,5043,6346,5565,3977,2398,1615,1179
MMR005,Sagaing,MMR005D009,Yinmabin,MMR005018,Salingyi,4,1246,3149,5031,5614,4516,3078,1867,1095,871
MMR005,Sagaing,MMR005D009,Yinmabin,MMR005019,Pale,4,1207,3779,6680,7404,5646,3624,2027,1128,867
MMR005,Sagaing,MMR005D009,Yinmabin,MMR005017,Kani,5,1133,2996,5376,6465,5345,3776,2086,1243,803
MMR006,Tanintharyi,MMR006D001,Dawei,MMR006001,Dawei,5,1611,3234,5004,5614,4885,3268,2238,1603,1676
MMR006,Tanintharyi,MMR006D001,Dawei,MMR006002,Launglon,5,1566,3122,4546,4876,4380,3083,1911,1223,1028
MMR006,Tanintharyi,MMR006D001,Dawei,MMR006003,Thayetchaung,5,1250,2606,3992,4560,3943,2842,1711,1087,883
MMR006,Tanintharyi,MMR006D001,Dawei,MMR006004,Yebyu,4,1175,3103,5107,5684,4655,3060,1725,1003,838
MMR006,Tanintharyi,MMR006D002,Myeik,MMR006005,Myeik,5,1761,4740,8235,10043,9544,7468,5127,3564,3867
MMR006,Tanintharyi,MMR006D002,Myeik,MMR006006,Kyunsu,5,855,2702,4872,5836,5862,4905,3347,2353,2256
MMR006,Tanintharyi,MMR006D002,Myeik,MMR006007,Palaw,5,840,2187,3725,4833,4609,3709,2499,1748,1503
MMR006,Tanintharyi,MMR006D002,Myeik,MMR006008,Tanintharyi,5,507,1487,2825,3680,3533,3017,2001,1486,1393
MMR006,Tanintharyi,MMR006D003,Kawthoung,MMR006009,Kawthoung,4,1670,4051,5880,6056,4817,3338,1975,1315,1244
MMR006,Tanintharyi,MMR006D003,Kawthoung,MMR006010,Bokpyin,5,378,1647,2838,3063,2589,2090,1305,978,854
MMR111,Bago,MMR007D001,Bago,MMR007001,Bago,4,4634,13829,21403,22786,17930,11851,7036,4346,3317
MMR111,Bago,MMR007D001,Bago,MMR007002,Thanatpin,4,1336,3741,6341,7106,5762,3940,2143,1246,912
MMR111,Bago,MMR007D001,Bago,MMR007003,Kawa,4,2119,5767,9425,10367,8235,5086,2691,1421,964
MMR111,Bago,MMR007D001,Bago,MMR007004,Waw,5,1411,3901,6661,7664,6730,4634,2810,1717,1555
MMR111,Bago,MMR007D001,Bago,MMR007005,Nyaunglebin,4,2067,5339,8759,9805,7745,5051,2923,1708,1365
MMR111,Bago,MMR007D001,Bago,MMR007006,Kyauktaga,5,1847,5113,9014,10248,8862,6466,4220,2703,3175
MMR111,Bago,MMR007D001,Bago,MMR007007,Daik-U,4,1898,5259,9269,10458,8077,5109,2907,1612,1164
MMR111,Bago,MMR007D001,Bago,MMR007008,Shwegyin,5,682,1996,3782,4415,3894,2816,1896,1216,1085
MMR111,Bago,MMR007D002,Taungoo,MMR007009,Taungoo,4,3082,7598,11920,12089,9124,5927,3503,2127,2090
MMR111,Bago,MMR007D002,Taungoo,MMR007010,Yedashe,4,2563,6909,11448,11430,8158,4882,2623,1429,1085
MMR111,Bago,MMR007D002,Taungoo,MMR007011,Kyaukkyi,5,961,2121,3562,4361,3990,3024,2066,1380,1418
MMR111,Bago,MMR007D002,Taungoo,MMR007012,Phyu,5,2316,6219,10112,11363,9268,6368,3949,2570,2766
MMR111,Bago,MMR007D002,Taungoo,MMR007013,Oktwin,4,1766,4615,7770,7958,6235,4039,2267,1281,939
MMR111,Bago,MMR007D002,Taungoo,MMR007014,Htantabin,4,1248,3195,5511,5904,4579,2899,1718,915,812
MMR111,Bago,MMR008D001,Pyay,MMR008001,Pyay,4,2806,9076,14636,12790,8457,4961,2761,1636,1434
MMR111,Bago,MMR008D001,Pyay,MMR008002,Paukkhaung,4,1427,5052,9080,7586,4681,2521,1175,562,263
MMR111,Bago,MMR008D001,Pyay,MMR008003,Padaung,4,2280,7431,10961,8824,5021,2519,1082,495,279
MMR111,Bago,MMR008D001,Pyay,MMR008004,Paungde,4,1960,6664,10442,8313,4891,2532,1089,507,302
MMR111,Bago,MMR008D001,Pyay,MMR008005,Thegon,4,2337,6595,10060,8199,4804,2348,954,427,226
MMR111,Bago,MMR008D001,Pyay,MMR008006,Shwedaung,4,2293,6779,9301,7308,4225,2071,903,449,235
MMR111,Bago,MMR008D002,Thayarwady,MMR008007,Thayarwady,4,2021,5618,8143,8065,5854,3402,1894,1030,599
MMR111,Bago,MMR008D002,Thayarwady,MMR008008,Letpadan,4,2433,6520,9806,9527,6914,4085,2261,1183,755
MMR111,Bago,MMR008D002,Thayarwady,MMR008009,Minhla,4,1685,4870,7462,7043,4775,2647,1333,662,417
MMR111,Bago,MMR008D002,Thayarwady,MMR008010,Okpho,4,1523,4916,7851,7581,4942,2651,1396,665,369
MMR111,Bago,MMR008D002,Thayarwady,MMR008011,Zigon,4,1048,3278,5144,3974,2524,1252,578,281,131
MMR111,Bago,MMR008D002,Thayarwady,MMR008012,Nattalin,4,2208,7804,12940,10737,6433,3196,1421,676,354
MMR111,Bago,MMR008D002,Thayarwady,MMR008013,Monyo,4,1678,5620,8627,7738,4864,2708,1161,597,294
MMR111,Bago,MMR008D002,Thayarwady,MMR008014,Gyobingauk,4,1501,5231,8121,7227,4358,2234,1025,502,387
MMR009,Magway,MMR009D001,Magway,MMR009001,Magway,4,3986,10252,16008,15654,10431,5943,3346,1774,1283
MMR009,Magway,MMR009D001,Magway,MMR009002,Yenangyaung,4,2535,5038,6778,6729,4954,3133,1662,970,701
MMR009,Magway,MMR009D001,Magway,MMR009003,Chauk,4,3133,6604,9243,9366,7083,4282,2550,1327,1030
MMR009,Magway,MMR009D001,Magway,MMR009004,Taungdwingyi,4,2720,7495,13224,13570,10100,6271,3519,2014,1350
MMR009,Magway,MMR009D001,Magway,MMR009005,Myothit,4,1731,4671,7726,8030,6319,4084,2288,1261,838
MMR009,Magway,MMR009D001,Magway,MMR009006,Natmauk,4,2513,6319,10083,10773,8031,5170,2962,1588,987
MMR009,Magway,MMR009D002,Minbu,MMR009007,Minbu,4,2683,6790,10261,9771,6606,3818,2056,1101,731
MMR009,Magway,MMR009D002,Minbu,MMR009008,Pwintbyu,4,2288,5727,9156,8879,6135,3843,1944,1058,734
MMR009,Magway,MMR009D002,Minbu,MMR009009,Ngape,4,695,1800,2866,2820,1953,1106,585,357,275
MMR009,Magway,MMR009D002,Minbu,MMR009010,Salin,4,3067,7503,11741,11911,9123,5817,3346,1870,1227
MMR009,Magway,MMR009D002,Minbu,MMR009011,Sidoktaya,4,515,1450,2149,2312,1875,1232,676,375,196
MMR009,Magway,MMR009D003,Thayet,MMR009012,Thayet,4,1290,4086,6814,6124,3888,2066,950,472,282
MMR009,Magway,MMR009D003,Thayet,MMR009013,Minhla,4,1483,4797,8098,7548,4700,2604,1288,678,426
MMR009,Magway,MMR009D003,Thayet,MMR009014,Mindon,4,1381,3419,4675,3580,2074,924,417,215,124
MMR009,Magway,MMR009D003,Thayet,MMR009015,Kamma,4,834,2922,5203,4518,2838,1573,715,337,203
MMR009,Magway,MMR009D003,Thayet,MMR009016,Aunglan,4,2467,8537,14228,13380,8902,5107,2646,1428,914
MMR009,Magway,MMR009D003,Thayet,MMR009017,Sinbaungwe,4,1315,4087,6896,6613,4599,2641,1386,712,435
MMR009,Magway,MMR009D004,Pakokku,MMR009018,Pakokku,4,4373,9248,12899,13817,10613,6775,3970,2410,2235
MMR009,Magway,MMR009D004,Pakokku,MMR009019,Yesagyo,5,2744,5644,8344,9599,8106,5472,3413,2078,1932
MMR009,Magway,MMR009D004,Pakokku,MMR009020,Myaing,4,3472,7142,10810,11823,8925,5782,3007,1639,1041
MMR009,Magway,MMR009D004,Pakokku,MMR009021,Pauk,4,1811,4542,7652,8639,6944,4489,2455,1462,971
MMR009,Magway,MMR009D004,Pakokku,MMR009022,Seikphyu,4,1333,3151,4500,4904,3979,2612,1527,841,580
MMR009,Magway,MMR009D005,Gangaw,MMR009023,Gangaw,4,1141,3158,6152,7589,5256,3199,1725,985,707
MMR009,Magway,MMR009D005,Gangaw,MMR009024,Tilin,5,351,1070,1877,2329,1964,1407,807,442,285
MMR009,Magway,MMR009D005,Gangaw,MMR009025,Saw,4,809,2022,3350,3647,2646,1771,880,484,325
MMR010,Mandalay,MMR010D001,Mandalay,MMR010001,Aungmyaythazan,5,1823,5562,8632,10125,7956,5577,3761,2834,3461
MMR010,Mandalay,MMR010D001,Mandalay,MMR010002,Chanayethazan,5,1695,3804,5487,6509,5335,3618,2490,1859,2484
MMR010,Mandalay,MMR010D001,Mandalay,MMR010003,Mahaaungmyay,5,1520,4067,6737,7977,6617,4800,3363,2682,4164
MMR010,Mandalay,MMR010D001,Mandalay,MMR010004,Chanmyathazi,5,1636,5446,8535,10412,8685,6280,4286,3328,4439
MMR010,Mandalay,MMR010D001,Mandalay,MMR010005,Pyigyitagon,5,1292,4566,7339,8598,7246,5147,3529,2711,3447
MMR010,Mandalay,MMR010D001,Mandalay,MMR010006,Amarapura,5,2010,5864,9710,10745,8159,5432,3240,2217,2249
MMR010,Mandalay,MMR010D001,Mandalay,MMR010007,Patheingyi,5,1566,5570,9965,11622,9097,6113,3847,2816,2394
MMR010,Mandalay,MMR010D002,Pyinoolwin,MMR010008,Pyinoolwin,4,2863,7042,11585,11954,8331,5155,2866,1789,1797
MMR010,Mandalay,MMR010D002,Pyinoolwin,MMR010009,Madaya,4,2485,6882,12250,13411,10327,6341,3500,1951,1498
MMR010,Mandalay,MMR010D002,Pyinoolwin,MMR010010,Singu,5,1148,3748,6912,7828,6165,3957,2323,1430,1022
MMR010,Mandalay,MMR010D002,Pyinoolwin,MMR010011,Mogoke,5,1994,4167,6292,7321,6058,4065,2399,1555,1396
MMR010,Mandalay,MMR010D002,Pyinoolwin,MMR010012,Thabeikkyin,5,1124,3501,6187,7016,5953,4196,2497,1486,1181
MMR010,Mandalay,MMR010D003,Kyaukse,MMR010013,Kyaukse,4,2063,6945,12915,13589,9305,6002,3253,1950,1743
MMR010,Mandalay,MMR010D003,Kyaukse,MMR010014,Sintgaing,4,1396,4093,7592,7791,5576,3380,1855,1008,888
MMR010,Mandalay,MMR010D003,Kyaukse,MMR010015,Myittha,4,1839,5861,10519,10939,7678,4471,2385,1300,1025
MMR010,Mandalay,MMR010D003,Kyaukse,MMR010016,Tada-U,4,1875,4221,6869,7519,5441,3273,1802,963,664
MMR010,Mandalay,MMR010D004,Myingyan,MMR010017,Myingyan,4,3248,7944,12374,13474,10446,6927,3901,2273,1753
MMR010,Mandalay,MMR010D004,Myingyan,MMR010018,Taungtha,4,3301,6464,9109,10168,8409,5720,3367,1921,1393
MMR010,Mandalay,MMR010D004,Myingyan,MMR010019,Natogyi,4,2054,5099,8353,9091,7023,4493,2467,1456,929
MMR010,Mandalay,MMR010D004,Myingyan,MMR010020,Kyaukpadaung,4,4073,8558,12355,13359,10279,6493,3527,1987,1330
MMR010,Mandalay,MMR010D004,Myingyan,MMR010021,Ngazun,4,1340,3245,5140,6061,5055,3330,1922,1032,713
MMR010,Mandalay,MMR010D005,Nyaung-U,MMR010022,Nyaung-U,4,3068,7070,10734,11825,9118,5798,3343,1946,1571
MMR010,Mandalay,MMR010D006,Yamethin,MMR010023,Yamethin,4,2356,7526,13087,13351,9400,5804,3011,1625,1099
MMR010,Mandalay,MMR010D006,Yamethin,MMR010024,Pyawbwe,4,2697,7320,11938,12663,9970,6695,3749,2121,1710
MMR010,Mandalay,MMR010D007,Meiktila,MMR010028,Meiktila,4,4158,9346,13617,14344,11086,7016,4090,2434,2348
MMR010,Mandalay,MMR010D007,Meiktila,MMR010029,Mahlaing,4,2510,4774,6741,6991,5267,3314,1842,1079,809
MMR010,Mandalay,MMR010D007,Meiktila,MMR010030,Thazi,4,2205,5512,8912,9746,7501,4930,2961,1732,1393
MMR010,Mandalay,MMR010D007,Meiktila,MMR010031,Wundwin,4,2284,6704,11655,12411,8978,5743,3039,1654,1101
MMR011,Mon,MMR011D001,Mawlamyine,MMR011001,Mawlamyine,5,2894,6484,10137,11467,9268,6404,4117,3062,3624
MMR011,Mon,MMR011D001,Mawlamyine,MMR011002,Kyaikmaraw,5,1892,4229,6527,7704,6571,4746,2841,1945,2433
MMR011,Mon,MMR011D001,Mawlamyine,MMR011003,Chaungzon,4,1882,3692,5400,5859,4337,2942,1726,1016,1090
MMR011,Mon,MMR011D001,Mawlamyine,MMR011004,Thanbyuzayat,5,1807,4304,6688,7583,6178,4082,2471,1558,1563
MMR011,Mon,MMR011D001,Mawlamyine,MMR011005,Mudon,5,2231,4593,6814,8059,6546,4403,2741,1818,2107
MMR011,Mon,MMR011D001,Mawlamyine,MMR011006,Ye,5,2105,5522,9427,11026,9210,6400,3984,2664,3110
MMR011,Mon,MMR011D002,Thaton,MMR011007,Thaton,5,2374,5110,7756,9421,8276,6263,3909,2548,2627
MMR011,Mon,MMR011D002,Thaton,MMR011008,Paung,5,1852,4280,7061,8815,7564,5301,3590,2391,2872
MMR011,Mon,MMR011D002,Thaton,MMR011009,Kyaikto,4,1821,4515,7313,8135,6701,4361,2529,1512,1201
MMR011,Mon,MMR011D002,Thaton,MMR011010,Bilin,4,1966,4514,7293,8370,6709,4573,2718,1779,1309
MMR012,Rakhine,MMR012D001,Sittwe,MMR012001,Sittwe,5,1123,2807,4925,5737,5116,3602,2336,1696,1694
MMR012,Rakhine,MMR012D001,Sittwe,MMR012002,Ponnagyun,5,779,1969,3594,4758,4636,3744,2627,1805,1423
MMR012,Rakhine,MMR012D001,Sittwe,MMR012007,Pauktaw,5,1058,2792,5131,6357,5660,4076,2669,1735,1066
MMR012,Rakhine,MMR012D001,Sittwe,MMR012008,Rathedaung,5,1177,2665,4198,4995,4333,3162,1919,1133,759
MMR012,Rakhine,MMR012D005,Mrauk-U,MMR012003,Mrauk-U,5,1535,4406,7880,8918,7390,5236,3186,1728,1246
MMR012,Rakhine,MMR012D005,Mrauk-U,MMR012004,Kyauktaw,5,1395,3461,6043,7600,6795,4843,3060,1880,1418
MMR012,Rakhine,MMR012D005,Mrauk-U,MMR012005,Minbya,5,1321,3796,6857,7816,6568,4592,2930,1680,1068
MMR012,Rakhine,MMR012D005,Mrauk-U,MMR012006,Myebon,4,1113,3825,6423,6893,5686,3729,2027,1066,577
MMR012,Rakhine,MMR012D002,Maungdaw,MMR012009,Maungdaw,5,439,934,1282,1419,1249,938,670,474,491
MMR012,Rakhine,MMR012D002,Maungdaw,MMR012010,Buthidaung,5,522,1270,2008,2152,1900,1405,895,590,522
MMR012,Rakhine,MMR012D003,Kyaukpyu,MMR012011,Kyaukpyu,4,2043,5258,7446,7883,6233,4137,2256,1296,712
MMR012,Rakhine,MMR012D003,Kyaukpyu,MMR012012,Munaung,4,1034,2749,3231,3106,2167,1360,665,292,131
MMR012,Rakhine,MMR012D003,Kyaukpyu,MMR012013,Ramree,4,1214,3119,4314,4646,3730,2527,1515,826,527
MMR012,Rakhine,MMR012D003,Kyaukpyu,MMR012014,Ann,4,1035,3609,5644,6283,4846,2991,1595,851,505
MMR012,Rakhine,MMR012D004,Thandwe,MMR012015,Thandwe,4,1499,4591,7141,7145,5117,2879,1453,767,483
MMR012,Rakhine,MMR012D004,Thandwe,MMR012016,Toungup,4,1311,4259,6910,7900,6257,4039,2253,1300,963
MMR012,Rakhine,MMR012D004,Thandwe,MMR012017,Gwa,4,1042,3179,4371,3820,2451,1389,652,310,112
MMR013,Yangon,MMR013D001,Yangon (North),MMR013001,Insein,5,2453,7965,12072,12988,9853,6440,4068,2791,3046
MMR013,Yangon,MMR013D001,Yangon (North),MMR013002,Mingaladon,4,2005,9132,13690,14465,10593,6940,4165,3103,2210
MMR013,Yangon,MMR013D001,Yangon (North),MMR013003,Hmawbi,4,2482,8257,12883,12827,9051,5310,2892,1581,1186
MMR013,Yangon,MMR013D001,Yangon (North),MMR013004,Hlegu,4,2395,7505,12217,13143,9797,6133,3358,2020,1455
MMR013,Yangon,MMR013D001,Yangon (North),MMR013005,Taikkyi,4,3136,10081,15083,15297,10893,6245,3301,1785,1178
MMR013,Yangon,MMR013D001,Yangon (North),MMR013006,Htantabin,4,1307,4525,7443,7738,5912,3572,1978,1017,719
MMR013,Yangon,MMR013D001,Yangon (North),MMR013007,Shwepyithar,5,2967,10723,14731,14943,11188,7622,4809,3126,3666
MMR013,Yangon,MMR013D001,Yangon (North),MMR013008,Hlaingtharya,5,4616,23208,29908,29764,22561,15347,9462,6962,6883
MMR013,Yangon,MMR013D002,Yangon (East),MMR013009,Thingangyun,5,2042,5510,8018,8763,6832,4497,2859,2093,2706
MMR013,Yangon,MMR013D002,Yangon (East),MMR013010,Yankin,5,784,1974,2781,2925,2156,1443,983,713,878
MMR013,Yangon,MMR013D002,Yangon (East),MMR013011,South Okkalapa,5,1290,3816,6191,6831,5151,3467,2280,1639,2060
MMR013,Yangon,MMR013D002,Yangon (East),MMR013012,North Okkalapa,5,2156,7486,11853,13166,10279,6988,4648,3484,4696
MMR013,Yangon,MMR013D002,Yangon (East),MMR013013,Thaketa,5,1628,5333,8762,9630,7220,4815,3125,2230,2713
MMR013,Yangon,MMR013D002,Yangon (East),MMR013014,Dawbon,5,454,1479,2568,2824,2263,1649,1079,800,1293
MMR013,Yangon,MMR013D002,Yangon (East),MMR013015,Tamwe,4,1824,5003,7016,7292,5506,3386,2059,1476,1798
MMR013,Yangon,MMR013D002,Yangon (East),MMR013016,Pazundaung,4,650,1428,1957,2166,1543,994,592,456,520
MMR013,Yangon,MMR013D002,Yangon (East),MMR013017,Botahtaung,4,514,1103,1690,1776,1341,793,459,314,407
MMR013,Yangon,MMR013D002,Yangon (East),MMR013018,Dagon Myothit (South),5,2406,9186,14909,15966,12557,8541,5332,3577,4510
MMR013,Yangon,MMR013D002,Yangon (East),MMR013019,Dagon Myothit (North),5,1512,5287,8095,8900,6638,4504,2915,2181,2672
MMR013,Yangon,MMR013D002,Yangon (East),MMR013020,Dagon Myothit (East),5,1202,4317,6543,7024,5420,3743,2298,1524,1842
MMR013,Yangon,MMR013D002,Yangon (East),MMR013021,Dagon Myothit (Seikkan),4,1868,5937,8121,7751,5902,3609,2117,1391,1209
MMR013,Yangon,MMR013D002,Yangon (East),MMR013022,Mingalartaungnyunt,5,1227,2939,4493,5134,4223,2735,1749,1367,2051
MMR013,Yangon,MMR013D003,Yangon (South),MMR013023,Thanlyin,4,2949,9044,14045,13844,9421,5588,3162,2034,1510
MMR013,Yangon,MMR013D003,Yangon (South),MMR013024,Kyauktan,4,2216,6760,11096,10179,6176,3184,1572,774,512
MMR013,Yangon,MMR013D003,Yangon (South),MMR013025,Thongwa,4,2081,5947,10069,9700,6237,3226,1602,767,458
MMR013,Yangon,MMR013D003,Yangon (South),MMR013026,Kayan,4,1778,5674,9284,9640,6402,3496,1753,815,472
MMR013,Yangon,MMR013D003,Yangon (South),MMR013027,Twantay,4,2207,6570,10709,11452,8696,5499,3221,1801,1447
MMR013,Yangon,MMR013D003,Yangon (South),MMR013028,Kawhmu,4,1742,4613,6958,6913,4596,2599,1356,634,381
MMR013,Yangon,MMR013D003,Yangon (South),MMR013029,Kungyangon,4,1622,4255,6891,6932,4330,2331,1132,568,291
MMR013,Yangon,MMR013D003,Yangon (South),MMR013030,Dala,5,1357,4482,7625,8260,6236,4196,2508,1570,1678
MMR013,Yangon,MMR013D003,Yangon (South),MMR013031,Seikgyikanaungto,4,345,1041,1571,1649,1293,815,498,285,232
MMR013,Yangon,MMR013D003,Yangon (South),MMR013032,Cocokyun,3,25,71,113,82,35,16,6,2,1
MMR013,Yangon,MMR013D004,Yangon (West),MMR013033,Kyauktada,4,548,983,1172,1156,870,527,320,234,310
MMR013,Yangon,MMR013D004,Yangon (West),MMR013034,Pabedan,5,474,858,1049,1179,1057,653,442,309,542
MMR013,Yangon,MMR013D004,Yangon (West),MMR013035,Lanmadaw,4,716,1293,1667,1751,1271,723,462,328,388
MMR013,Yangon,MMR013D004,Yangon (West),MMR013036,Latha,4,506,708,865,830,606,376,241,141,200
MMR013,Yangon,MMR013D004,Yangon (West),MMR013037,Ahlone,4,605,1524,2055,2365,1670,1038,659,460,567
MMR013,Yangon,MMR013D004,Yangon (West),MMR013038,Kyeemyindaing,5,1056,2984,4385,4618,3607,2324,1573,1164,1351
MMR013,Yangon,MMR013D004,Yangon (West),MMR013039,Sanchaung,4,1332,3138,4203,4355,3026,1863,1071,803,844
MMR013,Yangon,MMR013D004,Yangon (West),MMR013040,Hlaing,5,1534,4464,6409,6879,5095,3222,2083,1507,1644
MMR013,Yangon,MMR013D004,Yangon (West),MMR013041,Kamaryut,5,901,2299,3159,3311,2487,1568,1008,675,891
MMR013,Yangon,MMR013D004,Yangon (West),MMR013042,Mayangone,5,1800,4809,7306,7947,6132,3952,2626,1944,2291
MMR013,Yangon,MMR013D004,Yangon (West),MMR013043,Dagon,4,313,583,851,962,745,450,270,188,246
MMR013,Yangon,MMR013D004,Yangon (West),MMR013044,Bahan,5,1030,2358,3399,3572,2489,1676,1006,819,1077
MMR013,Yangon,MMR013D004,Yangon (West),MMR013045,Seikkan,5,18,55,78,64,69,41,18,23,44
MMR222,Shan,MMR014D001,Taunggyi,MMR014001,Taunggyi,4,4275,11320,19784,21497,16259,9812,5457,3278,3187
MMR222,Shan,MMR014D001,Taunggyi,MMR014002,Nyaungshwe,4,1622,4935,9758,10331,7403,4321,2367,1192,705
MMR222,Shan,MMR014D001,Taunggyi,MMR014003,Hopong,4,970,2692,5241,5996,4564,2648,1431,734,452
MMR222,Shan,MMR014D001,Taunggyi,MMR014004,Hsihseng,5,1155,3175,6202,7370,6019,4141,2436,1290,983
MMR222,Shan,MMR014D001,Taunggyi,MMR014005,Kalaw,4,1802,4470,8758,9619,7294,4610,2470,1303,1015
MMR222,Shan,MMR014D001,Taunggyi,MMR014006,Pindaya,4,751,1693,3582,4020,3177,2166,1235,573,347
MMR222,Shan,MMR014D001,Taunggyi,MMR014007,Ywangan,4,758,1913,3966,4157,3242,2173,1142,630,367
MMR222,Shan,MMR014D001,Taunggyi,MMR014008,Lawksawk,5,1017,3119,6585,8038,6374,4051,2319,1423,1181
MMR222,Shan,MMR014D001,Taunggyi,MMR014009,Pinlaung,4,1421,3818,8494,10086,8039,5254,2756,1395,820
MMR222,Shan,MMR014D001,Taunggyi,MMR014010,Pekon,5,749,1455,2841,3838,3621,2804,2012,1455,1309
MMR222,Shan,MMR014D002,Loilen,MMR014011,Loilen,5,1056,2560,4424,5265,4584,3083,1936,1256,1253
MMR222,Shan,MMR014D002,Loilen,MMR014012,Laihka,5,180,694,1202,1591,1553,1234,876,608,852
MMR222,Shan,MMR014D002,Loilen,MMR014013,Nansang,5,872,2290,4116,4725,4139,2890,1829,1223,1143
MMR222,Shan,MMR014D002,Loilen,MMR014014,Kunhing,5,407,1492,2221,2342,1854,1159,698,473,491
MMR222,Shan,MMR014D002,Loilen,MMR014015,Kyethi,5,428,1468,2448,2970,2722,1833,1195,984,664
MMR222,Shan,MMR014D002,Loilen,MMR014016,Mongkaing,4,667,1918,3214,3451,2983,1922,1022,612,543
MMR222,Shan,MMR014D002,Loilen,MMR014017,Monghsu,4,950,1968,3047,3258,2751,1742,1068,621,462
MMR222,Shan,MMR014D003,Langkho,MMR014018,Langkho,4,878,1610,1987,1812,1295,849,479,312,326
MMR222,Shan,MMR014D003,Langkho,MMR014019,Mongnai,4,479,1134,1719,1698,1350,888,573,330,314
MMR222,Shan,MMR014D003,Langkho,MMR014020,Mawkmai,5,325,837,1345,1428,1256,854,569,349,231
MMR222,Shan,MMR014D003,Langkho,MMR014021,Mongpan,4,335,728,1090,1071,845,568,338,238,208
MMR222,Shan,MMR015D001,Lashio,MMR015001,Lashio,5,2846,7110,11597,12909,10964,7534,4790,3352,3830
MMR222,Shan,MMR015D001,Lashio,MMR015002,Hseni,5,543,1323,1988,2389,2068,1474,911,582,501
MMR222,Shan,MMR015D001,Lashio,MMR015003,Mongyai,4,433,1466,2934,3332,2389,1372,722,410,270
MMR222,Shan,MMR015D001,Lashio,MMR015004,Tangyan,5,1092,3162,5983,7562,6551,4631,2819,1820,1522
MMR222,Shan,MMR015D002,Muse,MMR015009,Muse,5,1434,3661,5694,6744,5303,3752,2454,1880,1836
MMR222,Shan,MMR015D002,Muse,MMR015010,Namhkan,5,817,1857,3166,4403,3953,2985,1872,1265,1099
MMR222,Shan,MMR015D002,Muse,MMR015011,Kutkai,5,963,2481,4118,5240,5500,4901,3615,2595,2667
MMR222,Shan,MMR015D003,Kyaukme,MMR015012,Kyaukme,4,2013,5212,7906,8448,6140,3842,2169,1336,1190
MMR222,Shan,MMR015D003,Kyaukme,MMR015013,Nawnghkio,4,1151,3591,6741,7726,5742,3441,1916,1094,822
MMR222,Shan,MMR015D003,Kyaukme,MMR015014,Hsipaw,4,1211,4012,7903,9091,6779,4137,2239,1365,1169
MMR222,Shan,MMR015D003,Kyaukme,MMR015015,Namtu,4,844,1660,2329,2364,1887,1163,657,371,366
MMR222,Shan,MMR015D003,Kyaukme,MMR015016,Namhsan,5,591,1367,2088,2525,2465,1763,1276,927,683
MMR222,Shan,MMR015D003,Kyaukme,MMR015017,Mongmit,4,647,1588,2803,3052,2377,1451,867,523,344
MMR222,Shan,MMR015D003,Kyaukme,MMR015018,Mabein,5,177,692,1500,1996,1622,1138,684,497,326
MMR222,Shan,MMR015D003,Kyaukme,MMR015019,Manton,5,232,723,1190,1442,1448,1105,720,486,337
MMR222,Shan,MMR015D004,Kunlong,MMR015020,Kunlong,5,355,815,1201,1720,1786,1641,1131,858,885
MMR222,Shan,MMR015D005,Laukkaing,MMR015022,Laukkaing,6,291,1010,1744,2488,2752,2434,1723,1284,1455
MMR222,Shan,MMR015D005,Laukkaing,MMR015023,Konkyan,6,110,367,720,1261,1600,1742,1417,1087,1361
MMR222,Shan,MMR015D006,Hopang,MMR015021,Hopang,5,403,971,1481,1884,1878,1532,1096,935,1036
MMR222,Shan,MMR015D006,Hopang,MMR015008,Mongmao,7,24,168,557,1024,1561,1781,1573,2612,1145
MMR222,Shan,MMR015D006,Hopang,MMR015007,Pangwaun,7,54,181,492,1032,1810,2259,2424,3683,2034
MMR222,Shan,MMR015D007,Matman,MMR015024,Matman,6,36,198,406,493,540,487,423,391,344
MMR222,Shan,MMR015D007,Matman,MMR015005,Pangsang,5,263,1184,2226,3045,2916,2360,1670,1312,1481
MMR222,Shan,MMR015D007,Matman,MMR015006,Narphan,7,82,349,834,1576,2184,2537,2451,2914,3547
MMR222,Shan,MMR016D001,Kengtung,MMR016001,Kengtung,5,1663,3681,5499,6272,5753,4437,2818,2050,1923
MMR222,Shan,MMR016D001,Kengtung,MMR016002,Mongkhet,5,165,509,1069,1582,1427,1202,792,607,672
MMR222,Shan,MMR016D001,Kengtung,MMR016003,Mongyang,5,440,1259,2608,3744,3473,2930,1851,1440,1659
MMR222,Shan,MMR016D001,Kengtung,MMR016005,Mongla,5,74,284,762,1060,963,791,466,355,453
MMR222,Shan,MMR016D002,Monghsat,MMR016006,Monghsat,5,493,1644,2815,3577,3264,2788,1911,1270,1349
MMR222,Shan,MMR016D002,Monghsat,MMR016007,Mongping,5,320,1169,2144,2603,2331,1875,1282,815,760
MMR222,Shan,MMR016D002,Monghsat,MMR016008,Mongton,5,390,1140,2038,2383,2186,1698,1105,837,744
MMR222,Shan,MMR016D003,Tachileik,MMR016009,Tachileik,4,2069,5292,7011,7347,5822,4099,2574,1871,1588
MMR222,Shan,MMR016D004,Monghpyak,MMR016010,Monghpyak,5,216,725,1142,1213,1048,788,494,285,254
MMR222,Shan,MMR016D004,Monghpyak,MMR016011,Mongyawng,4,746,1829,3594,3840,2926,2048,1084,597,532
MMR017,Ayeyarwady,MMR017D001,Pathein,MMR017002,Kangyidaunt,4,2155,5707,9748,10054,6879,4217,2195,1202,809
MMR017,Ayeyarwady,MMR017D001,Pathein,MMR017007,Kyaunggon,4,2475,6343,10062,9406,6369,3669,1698,869,511
MMR017,Ayeyarwady,MMR017D001,Pathein,MMR017005,Kyonpyaw,4,3421,9062,13802,13851,9399,5319,2578,1301,755
MMR017,Ayeyarwady,MMR017D001,Pathein,MMR017004,Ngapudaw,4,3118,10609,16925,17236,12610,7825,4269,2286,1774
MMR017,Ayeyarwady,MMR017D001,Pathein,MMR017001,Pathein,4,3796,12543,19760,19210,13256,7968,4409,2598,2147
MMR017,Ayeyarwady,MMR017D001,Pathein,MMR017006,Yegyi,4,3165,8773,12391,11745,7294,3937,1931,925,554
MMR017,Ayeyarwady,MMR017D001,Pathein,MMR017003,Thabaung,4,1732,5210,8307,8396,6233,3760,1942,1016,641
MMR017,Ayeyarwady,MMR017D006,Pyapon,MMR017025,Kyaiklat,4,2037,5722,9136,9630,7403,4618,2580,1475,1147
MMR017,Ayeyarwady,MMR017D006,Pyapon,MMR017026,Dedaye,4,2451,6778,11077,11109,7979,4504,2475,1352,885
MMR017,Ayeyarwady,MMR017D006,Pyapon,MMR017023,Pyapon,4,2488,8755,14144,14900,11573,7755,4568,2727,2506
MMR017,Ayeyarwady,MMR017D006,Pyapon,MMR017024,Bogale,4,3524,10353,16895,16922,12276,7629,4182,2361,1845
MMR017,Ayeyarwady,MMR017D005,Maubin,MMR017021,Nyaungdon,4,2665,7147,11620,11341,8214,4947,2679,1512,1076
MMR017,Ayeyarwady,MMR017D005,Maubin,MMR017022,Danubyu,4,2779,6810,10329,9982,7010,4050,2057,1090,690
MMR017,Ayeyarwady,MMR017D005,Maubin,MMR017020,Pantanaw,4,2259,7194,12391,13803,10364,6668,3774,2246,1578
MMR017,Ayeyarwady,MMR017D005,Maubin,MMR017019,Maubin,4,3224,9505,15095,15648,11708,7669,4362,2616,1977
MMR017,Ayeyarwady,MMR017D003,Myaungmya,MMR017014,Myaungmya,4,2676,7915,13555,14439,11047,7228,4369,2647,2296
MMR017,Ayeyarwady,MMR017D003,Myaungmya,MMR017017,Wakema,4,3368,8772,14222,15026,11257,7017,3957,2145,1684
MMR017,Ayeyarwady,MMR017D003,Myaungmya,MMR017015,Einme,4,2444,6369,10058,10429,7600,4659,2457,1401,1038
MMR017,Ayeyarwady,MMR017D004,Labutta,MMR017018,Mawlamyinegyun,4,3551,10433,17214,16884,11962,7127,3908,2257,1550
MMR017,Ayeyarwady,MMR017D004,Labutta,MMR017016,Labutta,4,3473,10327,17628,17290,12065,7218,3963,2212,1407
MMR017,Ayeyarwady,MMR017D002,Hinthada,MMR017012,Kyangin,4,1626,5340,7700,6112,3460,1595,636,269,119
MMR017,Ayeyarwady,MMR017D002,Hinthada,MMR017009,Zalun,4,2289,6324,9925,9548,6771,3759,1943,928,586
MMR017,Ayeyarwady,MMR017D002,Hinthada,MMR017011,Myanaung,4,4426,11236,15484,13437,8235,4152,1857,738,355
MMR017,Ayeyarwady,MMR017D002,Hinthada,MMR017010,Lemyethna,4,1520,4240,6273,6063,4065,2162,1127,520,274
MMR017,Ayeyarwady,MMR017D002,Hinthada,MMR017008,Hinthada,4,5754,14030,20456,19339,12868,7236,3495,1752,1199
MMR017,Ayeyarwady,MMR017D002,Hinthada,MMR017013,Ingapu,4,4039,10111,14337,13003,8210,4335,1959,864,371
MMR018,Nay Pyi Taw,MMR018D001,Nay Pyi Taw (North),MMR018003,Tatkon,4,2337,6963,12220,12257,8390,4815,2515,1303,947
MMR018,Nay Pyi Taw,MMR018D001,Nay Pyi Taw (North),MMR018001,Zay Yar Thi Ri,4,1541,3624,6114,5993,4114,2331,1215,637,506
MMR018,Nay Pyi Taw,MMR018D001,Nay Pyi Taw (North),MMR018008,Oke Ta Ra Thi Ri,4,847,2710,4391,4290,2841,1761,984,509,328
MMR018,Nay Pyi Taw,MMR018D001,Nay Pyi Taw (North),MMR018005,Poke Ba Thi Ri,4,1644,4215,6541,6114,4201,2411,1327,692,471
MMR018,Nay Pyi Taw,MMR018D002,Nay Pyi Taw (South),MMR018006,Pyinmana,5,1819,4956,7790,8196,6317,4439,2626,1696,1824
MMR018,Nay Pyi Taw,MMR018D002,Nay Pyi Taw (South),MMR018007,Lewe,4,2872,8257,14083,14447,10714,7027,3950,2208,1616
MMR018,Nay Pyi Taw,MMR018D002,Nay Pyi Taw (South),MMR018002,Za Bu Thi Ri,4,4262,5284,5668,4675,2890,1602,842,569,528
MMR018,Nay Pyi Taw,MMR018D002,Nay Pyi Taw (South),MMR018004,Det Khi Na Thi Ri,4,416,1031,1768,1546,1010,643,289,217,77
