pcode_st,name_st,pcode_dt,name_dt,pcode_ts,name_ts,ownshp_t,ownshp_own,ownshp_rent,ownshp_free,ownshp_gov,ownshp_com,ownshp_oth
MMR001,Kachin,MMR001D001,Myitkyina,MMR001001,Myitkyina,52591,35343,10161,1905,4464,458,260
MMR001,Kachin,MMR001D001,Myitkyina,MMR001002,Waingmaw,22860,19706,1299,703,405,588,159
MMR001,Kachin,MMR001D001,Myitkyina,MMR001003,Injangyang,285,275,2,1,7,0,0
MMR001,Kachin,MMR001D001,Myitkyina,MMR001004,Tanai,8528,7578,403,91,430,19,7
MMR001,Kachin,MMR001D001,Myitkyina,MMR001005,Chipwi,3306,3023,163,24,83,12,1
MMR001,Kachin,MMR001D001,Myitkyina,MMR001006,Tsawlaw,1073,1048,3,6,7,7,2
MMR001,Kachin,MMR001D002,Mohnyin,MMR001007,Mohnyin,39622,35525,1685,900,1330,101,81
MMR001,Kachin,MMR001D002,Mohnyin,MMR001008,Mogaung,24898,22110,1021,429,1216,71,51
MMR001,Kachin,MMR001D002,Mohnyin,MMR001009,Hpakant,36632,29972,4550,911,386,525,288
MMR001,Kachin,MMR001D003,Bhamo,MMR001010,Bhamo,24161,20285,1683,759,1322,42,70
MMR001,Kachin,MMR001D003,Bhamo,MMR001011,Shwegu,16621,15232,432,555,344,10,48
MMR001,Kachin,MMR001D003,Bhamo,MMR001012,Momauk,12370,10537,496,127,647,11,552
MMR001,Kachin,MMR001D003,Bhamo,MMR001013,Mansi,10554,9143,256,100,270,7,778
MMR001,Kachin,MMR001D004,Puta-O,MMR001014,Puta-O,10743,9767,345,74,427,71,59
MMR001,Kachin,MMR001D004,Puta-O,MMR001015,Sumprabum,479,447,9,2,17,0,4
MMR001,Kachin,MMR001D004,Puta-O,MMR001016,Machanbaw,1719,1512,53,33,110,4,7
MMR001,Kachin,MMR001D004,Puta-O,MMR001018,Khaunglanhpu,1711,1696,0,2,10,1,2
MMR001,Kachin,MMR001D004,Puta-O,MMR001017,Nawngmun,1212,1147,16,15,21,6,7
MMR002,Kayah,MMR002D001,Loikaw,MMR002001,Loikaw,26495,20844,2184,888,2363,110,106
MMR002,Kayah,MMR002D001,Loikaw,MMR002002,Demoso,15347,14656,163,115,364,28,21
MMR002,Kayah,MMR002D001,Loikaw,MMR002003,Hpruso,5910,5534,43,52,267,4,10
MMR002,Kayah,MMR002D001,Loikaw,MMR002004,Shadaw,1406,1356,9,15,25,,1
MMR002,Kayah,MMR002D002,Bawlake,MMR002005,Bawlakhe,2081,1654,103,34,286,3,1
MMR002,Kayah,MMR002D002,Bawlake,MMR002006,Hpasawng,4733,4240,128,58,280,19,8
MMR002,Kayah,MMR002D002,Bawlake,MMR002007,Mese,1302,1116,11,55,103,8,9
MMR003,Kayin,MMR003D001,Hpa-An,MMR003001,Hpa-An,89197,77599,5349,2021,2774,937,517
MMR003,Kayin,MMR003D001,Hpa-An,MMR003002,Hlaingbwe,53120,50757,611,909,710,25,108
MMR003,Kayin,MMR003D001,Hpa-An,MMR003004,Thandaunggyi,19140,17961,203,188,722,41,25
MMR003,Kayin,MMR003D004,Hpapun,MMR003003,Hpapun,6502,5295,209,437,436,90,35
MMR003,Kayin,MMR003D002,Myawaddy,MMR003005,Myawaddy,44016,27324,13209,1487,1252,536,208
MMR003,Kayin,MMR003D003,Kawkareik,MMR003006,Kawkareik,45498,42222,1098,1072,862,90,154
MMR003,Kayin,MMR003D003,Kawkareik,MMR003007,Kyainseikgyi,50568,45293,3169,1070,432,141,463
MMR004,Chin,MMR004D003,Hakha,MMR004002,Hakha,9917,7264,1542,122,872,76,41
MMR004,Chin,MMR004D003,Hakha,MMR004003,Thantlang,9782,8904,563,39,196,49,31
MMR004,Chin,MMR004D001,Falam,MMR004001,Falam,9626,7783,810,121,661,125,126
MMR004,Chin,MMR004D001,Falam,MMR004004,Tedim,14683,13139,883,276,332,30,23
MMR004,Chin,MMR004D001,Falam,MMR004005,Tonzang,4941,4489,200,85,125,18,24
MMR004,Chin,MMR004D002,Mindat,MMR004006,Mindat,8522,7524,392,84,426,23,73
MMR004,Chin,MMR004D002,Mindat,MMR004007,Matupi,10157,9374,359,50,338,31,5
MMR004,Chin,MMR004D002,Mindat,MMR004008,Kanpetlet,3977,3493,222,40,166,26,30
MMR004,Chin,MMR004D002,Mindat,MMR004009,Paletwa,19516,18782,216,90,285,86,57
MMR005,Sagaing,MMR005D001,Sagaing,MMR005001,Sagaing,65143,56673,2745,2192,2993,291,249
MMR005,Sagaing,MMR005D001,Sagaing,MMR005002,Myinmu,25304,24233,345,443,228,22,33
MMR005,Sagaing,MMR005D001,Sagaing,MMR005003,Myaung,24262,23135,222,690,94,5,116
MMR005,Sagaing,MMR005D002,Shwebo,MMR005004,Shwebo,57297,51272,1995,1810,1699,315,206
MMR005,Sagaing,MMR005D002,Shwebo,MMR005005,Khin-U,32624,31663,207,448,149,35,122
MMR005,Sagaing,MMR005D002,Shwebo,MMR005006,Wetlet,46712,45310,326,749,207,81,39
MMR005,Sagaing,MMR005D002,Shwebo,MMR005007,Kanbalu,61326,58597,841,712,926,111,139
MMR005,Sagaing,MMR005D002,Shwebo,MMR005008,Kyunhla,20863,20242,262,97,211,42,9
MMR005,Sagaing,MMR005D002,Shwebo,MMR005009,Ye-U,26373,25326,368,387,234,41,17
MMR005,Sagaing,MMR005D002,Shwebo,MMR005010,Tabayin,30345,29662,228,334,96,12,13
MMR005,Sagaing,MMR005D002,Shwebo,MMR005011,Taze,35937,35193,331,234,157,15,7
MMR005,Sagaing,MMR005D003,Monywa,MMR005012,Monywa,75962,64432,4219,2618,3691,577,425
MMR005,Sagaing,MMR005D003,Monywa,MMR005013,Budalin,28616,27891,227,325,105,7,61
MMR005,Sagaing,MMR005D003,Monywa,MMR005014,Ayadaw,35591,34273,295,622,357,2,42
MMR005,Sagaing,MMR005D003,Monywa,MMR005015,Chaung-U,23376,22386,192,599,152,22,25
MMR005,Sagaing,MMR005D004,Katha,MMR005020,Katha,31961,29264,1017,722,721,169,68
MMR005,Sagaing,MMR005D004,Katha,MMR005021,Indaw,23230,22243,456,183,292,40,16
MMR005,Sagaing,MMR005D004,Katha,MMR005022,Tigyaing,26389,24797,645,637,135,128,47
MMR005,Sagaing,MMR005D004,Katha,MMR005023,Banmauk,18868,18339,212,77,198,18,24
MMR005,Sagaing,MMR005D004,Katha,MMR005024,Kawlin,31403,29441,780,280,713,123,66
MMR005,Sagaing,MMR005D004,Katha,MMR005025,Wuntho,14205,13553,178,64,359,31,20
MMR005,Sagaing,MMR005D004,Katha,MMR005026,Pinlebu,21900,21406,204,74,200,6,10
MMR005,Sagaing,MMR005D005,Kale,MMR005027,Kale,72769,61080,7130,1391,2338,564,266
MMR005,Sagaing,MMR005D005,Kale,MMR005028,Kalewa,11735,10698,305,349,165,199,19
MMR005,Sagaing,MMR005D005,Kale,MMR005029,Mingin,22058,21328,205,295,146,4,80
MMR005,Sagaing,MMR005D006,Tamu,MMR005030,Tamu,22591,18655,2767,500,427,165,77
MMR005,Sagaing,MMR005D007,Mawlaik,MMR005031,Mawlaik,10345,9547,252,108,389,21,28
MMR005,Sagaing,MMR005D007,Mawlaik,MMR005032,Paungbyin,20246,19479,303,126,269,55,14
MMR005,Sagaing,MMR005D008,Hkamti,MMR005033,Hkamti,7361,6496,241,133,407,27,57
MMR005,Sagaing,MMR005D008,Hkamti,MMR005034,Homalin,35743,33563,1109,316,566,138,51
MMR005,Sagaing,MMR005D008,Hkamti,MMR005035,Lay Shi,1966,1877,25,9,48,6,1
MMR005,Sagaing,MMR005D008,Hkamti,MMR005036,Lahe,8932,8632,100,60,102,11,27
MMR005,Sagaing,MMR005D008,Hkamti,MMR005037,Nanyun,7840,7665,29,12,101,4,29
MMR005,Sagaing,MMR005D009,Yinmabin,MMR005016,Yinmabin,29532,28800,190,213,309,10,10
MMR005,Sagaing,MMR005D009,Yinmabin,MMR005018,Salingyi,26467,24778,447,386,230,602,24
MMR005,Sagaing,MMR005D009,Yinmabin,MMR005019,Pale,32362,31642,213,292,180,10,25
MMR005,Sagaing,MMR005D009,Yinmabin,MMR005017,Kani,29223,28499,173,310,188,24,29
MMR006,Tanintharyi,MMR006D001,Dawei,MMR006001,Dawei,29133,23282,2459,1560,1462,263,107
MMR006,Tanintharyi,MMR006D001,Dawei,MMR006002,Launglon,25735,23456,898,1067,199,70,45
MMR006,Tanintharyi,MMR006D001,Dawei,MMR006003,Thayetchaung,22874,20926,390,1125,301,89,43
MMR006,Tanintharyi,MMR006D001,Dawei,MMR006004,Yebyu,26350,22554,1120,977,1059,441,199
MMR006,Tanintharyi,MMR006D002,Myeik,MMR006005,Myeik,54349,35333,11707,3847,2367,930,165
MMR006,Tanintharyi,MMR006D002,Myeik,MMR006006,Kyunsu,32988,24707,3034,3204,585,1324,134
MMR006,Tanintharyi,MMR006D002,Myeik,MMR006007,Palaw,25653,22607,1321,938,479,236,72
MMR006,Tanintharyi,MMR006D002,Myeik,MMR006008,Tanintharyi,19929,17425,917,740,492,319,36
MMR006,Tanintharyi,MMR006D003,Kawthoung,MMR006009,Kawthoung,30346,17176,7342,1269,1451,3004,104
MMR006,Tanintharyi,MMR006D003,Kawthoung,MMR006010,Bokpyin,15742,10484,1565,687,1042,1839,125
MMR111,Bago,MMR007D001,Bago,MMR007001,Bago,107132,84915,9734,5505,4858,1489,631
MMR111,Bago,MMR007D001,Bago,MMR007002,Thanatpin,32527,31119,440,743,151,24,50
MMR111,Bago,MMR007D001,Bago,MMR007003,Kawa,46075,44991,460,436,128,24,36
MMR111,Bago,MMR007D001,Bago,MMR007004,Waw,37083,35060,739,1013,192,34,45
MMR111,Bago,MMR007D001,Bago,MMR007005,Nyaunglebin,44762,42440,740,775,640,58,109
MMR111,Bago,MMR007D001,Bago,MMR007006,Kyauktaga,51648,49730,769,543,443,132,31
MMR111,Bago,MMR007D001,Bago,MMR007007,Daik-U,45753,43341,682,803,740,135,52
MMR111,Bago,MMR007D001,Bago,MMR007008,Shwegyin,21782,20149,366,363,706,151,47
MMR111,Bago,MMR007D002,Taungoo,MMR007009,Taungoo,57460,47396,3114,1602,4425,617,306
MMR111,Bago,MMR007D002,Taungoo,MMR007010,Yedashe,50527,45224,1118,1334,2438,235,178
MMR111,Bago,MMR007D002,Taungoo,MMR007011,Kyaukkyi,22883,21736,299,389,399,14,46
MMR111,Bago,MMR007D002,Taungoo,MMR007012,Phyu,54931,50466,1458,1079,1389,163,376
MMR111,Bago,MMR007D002,Taungoo,MMR007013,Oktwin,36870,34202,489,814,991,278,96
MMR111,Bago,MMR007D002,Taungoo,MMR007014,Htantabin,26781,25820,286,468,169,8,30
MMR111,Bago,MMR008D001,Pyay,MMR008001,Pyay,58557,48251,5302,1105,3283,357,259
MMR111,Bago,MMR008D001,Pyay,MMR008002,Paukkhaung,32347,31029,280,301,457,201,79
MMR111,Bago,MMR008D001,Pyay,MMR008003,Padaung,38892,32333,847,677,4833,126,76
MMR111,Bago,MMR008D001,Pyay,MMR008004,Paungde,36700,35365,313,560,395,16,51
MMR111,Bago,MMR008D001,Pyay,MMR008005,Thegon,35950,34110,302,462,833,123,120
MMR111,Bago,MMR008D001,Pyay,MMR008006,Shwedaung,33564,31457,345,535,1170,23,34
MMR111,Bago,MMR008D002,Thayarwady,MMR008007,Thayarwady,36626,34699,484,468,814,108,53
MMR111,Bago,MMR008D002,Thayarwady,MMR008008,Letpadan,43484,41982,498,484,362,85,73
MMR111,Bago,MMR008D002,Thayarwady,MMR008009,Minhla,30894,29390,480,421,391,69,143
MMR111,Bago,MMR008D002,Thayarwady,MMR008010,Okpho,31894,31037,303,216,298,26,14
MMR111,Bago,MMR008D002,Thayarwady,MMR008011,Zigon,18210,17471,277,294,146,12,10
MMR111,Bago,MMR008D002,Thayarwady,MMR008012,Nattalin,45769,44751,243,490,213,14,58
MMR111,Bago,MMR008D002,Thayarwady,MMR008013,Monyo,33287,32745,141,276,114,3,8
MMR111,Bago,MMR008D002,Thayarwady,MMR008014,Gyobingauk,30586,28794,490,895,301,65,41
MMR009,Magway,MMR009D001,Magway,MMR009001,Magway,68677,57412,4650,2163,3776,178,498
MMR009,Magway,MMR009D001,Magway,MMR009002,Yenangyaung,32500,30717,473,523,709,11,67
MMR009,Magway,MMR009D001,Magway,MMR009003,Chauk,44618,40675,1029,891,1946,41,36
MMR009,Magway,MMR009D001,Magway,MMR009004,Taungdwingyi,60263,56933,784,800,1606,50,90
MMR009,Magway,MMR009D001,Magway,MMR009005,Myothit,36948,36036,222,416,248,13,13
MMR009,Magway,MMR009D001,Magway,MMR009006,Natmauk,48426,47292,365,275,481,1,12
MMR009,Magway,MMR009D002,Minbu,MMR009007,Minbu,43817,38736,1001,1618,2171,136,155
MMR009,Magway,MMR009D002,Minbu,MMR009008,Pwintbyu,39764,37997,392,670,617,31,57
MMR009,Magway,MMR009D002,Minbu,MMR009009,Ngape,12457,11465,275,83,551,66,17
MMR009,Magway,MMR009D002,Minbu,MMR009010,Salin,55605,53934,464,508,626,29,44
MMR009,Magway,MMR009D002,Minbu,MMR009011,Sidoktaya,10780,10104,91,70,358,110,47
MMR009,Magway,MMR009D003,Thayet,MMR009012,Thayet,25972,23735,337,610,1162,31,97
MMR009,Magway,MMR009D003,Thayet,MMR009013,Minhla,31622,27377,740,613,2526,81,285
MMR009,Magway,MMR009D003,Thayet,MMR009014,Mindon,16809,16177,199,258,127,25,23
MMR009,Magway,MMR009D003,Thayet,MMR009015,Kamma,19143,18490,223,309,81,5,35
MMR009,Magway,MMR009D003,Thayet,MMR009016,Aunglan,57609,52394,1786,1633,1375,248,173
MMR009,Magway,MMR009D003,Thayet,MMR009017,Sinbaungwe,28684,27017,338,428,739,139,23
MMR009,Magway,MMR009D004,Pakokku,MMR009018,Pakokku,66340,55811,3263,2539,4063,156,508
MMR009,Magway,MMR009D004,Pakokku,MMR009019,Yesagyo,47332,45276,494,1025,468,18,51
MMR009,Magway,MMR009D004,Pakokku,MMR009020,Myaing,53641,50933,744,1297,326,20,321
MMR009,Magway,MMR009D004,Pakokku,MMR009021,Pauk,38965,37464,382,496,425,150,48
MMR009,Magway,MMR009D004,Pakokku,MMR009022,Seikphyu,23427,21977,236,353,791,54,16
MMR009,Magway,MMR009D005,Gangaw,MMR009023,Gangaw,29912,27820,808,262,880,104,38
MMR009,Magway,MMR009D005,Gangaw,MMR009024,Tilin,10532,10154,169,41,131,12,25
MMR009,Magway,MMR009D005,Gangaw,MMR009025,Saw,15934,14823,472,208,290,100,41
MMR010,Mandalay,MMR010D001,Mandalay,MMR010001,Aungmyaythazan,49731,29098,10810,3693,4834,404,892
MMR010,Mandalay,MMR010D001,Mandalay,MMR010002,Chanayethazan,33281,19539,6860,3327,2640,299,616
MMR010,Mandalay,MMR010D001,Mandalay,MMR010003,Mahaaungmyay,41927,26194,8683,3464,1347,182,2057
MMR010,Mandalay,MMR010D001,Mandalay,MMR010004,Chanmyathazi,53047,30331,14181,3113,2652,514,2256
MMR010,Mandalay,MMR010D001,Mandalay,MMR010005,Pyigyitagon,43875,22876,13689,3059,963,518,2770
MMR010,Mandalay,MMR010D001,Mandalay,MMR010006,Amarapura,49626,37407,5102,3152,2683,598,684
MMR010,Mandalay,MMR010D001,Mandalay,MMR010007,Patheingyi,52990,42156,4938,1474,2728,1013,681
MMR010,Mandalay,MMR010D002,Pyinoolwin,MMR010008,Pyinoolwin,53382,34478,7533,2727,6267,1207,1170
MMR010,Mandalay,MMR010D002,Pyinoolwin,MMR010009,Madaya,58645,52950,1494,1764,622,1656,159
MMR010,Mandalay,MMR010D002,Pyinoolwin,MMR010010,Singu,34533,31502,1115,1301,282,189,144
MMR010,Mandalay,MMR010D002,Pyinoolwin,MMR010011,Mogoke,35247,29604,3232,1527,609,214,61
MMR010,Mandalay,MMR010D002,Pyinoolwin,MMR010012,Thabeikkyin,33141,29331,1230,1226,912,323,119
MMR010,Mandalay,MMR010D003,Kyaukse,MMR010013,Kyaukse,57765,50161,1986,1772,2207,1165,474
MMR010,Mandalay,MMR010D003,Kyaukse,MMR010014,Sintgaing,33579,29360,1142,702,1962,250,163
MMR010,Mandalay,MMR010D003,Kyaukse,MMR010015,Myittha,46017,43634,625,488,1151,31,88
MMR010,Mandalay,MMR010D003,Kyaukse,MMR010016,Tada-U,32627,31201,335,750,248,41,52
MMR010,Mandalay,MMR010D004,Myingyan,MMR010017,Myingyan,62340,56658,2269,2115,822,217,259
MMR010,Mandalay,MMR010D004,Myingyan,MMR010018,Taungtha,49852,48232,420,804,353,7,36
MMR010,Mandalay,MMR010D004,Myingyan,MMR010019,Natogyi,40965,40014,298,410,168,10,65
MMR010,Mandalay,MMR010D004,Myingyan,MMR010020,Kyaukpadaung,61961,59598,768,716,753,79,47
MMR010,Mandalay,MMR010D004,Myingyan,MMR010021,Ngazun,27838,26667,240,730,122,13,66
MMR010,Mandalay,MMR010D005,Nyaung-U,MMR010022,Nyaung-U,54473,51071,1066,926,946,369,95
MMR010,Mandalay,MMR010D006,Yamethin,MMR010023,Yamethin,57259,54618,810,760,957,51,63
MMR010,Mandalay,MMR010D006,Yamethin,MMR010024,Pyawbwe,58863,56255,795,680,617,51,465
MMR010,Mandalay,MMR010D007,Meiktila,MMR010028,Meiktila,68439,56384,3910,1587,6025,329,204
MMR010,Mandalay,MMR010D007,Meiktila,MMR010029,Mahlaing,33327,32330,367,392,201,13,24
MMR010,Mandalay,MMR010D007,Meiktila,MMR010030,Thazi,44892,41142,812,422,2189,299,28
MMR010,Mandalay,MMR010D007,Meiktila,MMR010031,Wundwin,53569,51620,572,524,376,367,110
MMR011,Mon,MMR011D001,Mawlamyine,MMR011001,Mawlamyine,57457,42788,7677,2800,3587,294,311
MMR011,Mon,MMR011D001,Mawlamyine,MMR011002,Kyaikmaraw,38888,36140,658,1436,303,144,207
MMR011,Mon,MMR011D001,Mawlamyine,MMR011003,Chaungzon,27944,26963,352,430,62,56,81
MMR011,Mon,MMR011D001,Mawlamyine,MMR011004,Thanbyuzayat,36234,30994,2268,1375,621,605,371
MMR011,Mon,MMR011D001,Mawlamyine,MMR011005,Mudon,39312,36294,1140,987,655,123,113
MMR011,Mon,MMR011D001,Mawlamyine,MMR011006,Ye,53448,45686,4253,1901,1073,189,346
MMR011,Mon,MMR011D002,Thaton,MMR011007,Thaton,48284,43743,1396,1064,1812,154,115
MMR011,Mon,MMR011D002,Thaton,MMR011008,Paung,43726,40827,1016,1022,556,100,205
MMR011,Mon,MMR011D002,Thaton,MMR011009,Kyaikto,38088,32203,1732,1360,2064,406,323
MMR011,Mon,MMR011D002,Thaton,MMR011010,Bilin,39231,36676,602,889,720,259,85
MMR012,Rakhine,MMR012D001,Sittwe,MMR012001,Sittwe,29036,22280,1894,1339,3182,89,252
MMR012,Rakhine,MMR012D001,Sittwe,MMR012002,Ponnagyun,25335,24667,204,290,149,13,12
MMR012,Rakhine,MMR012D001,Sittwe,MMR012007,Pauktaw,30544,29299,233,570,116,7,319
MMR012,Rakhine,MMR012D001,Sittwe,MMR012008,Rathedaung,24341,22913,199,933,272,3,21
MMR012,Rakhine,MMR012D005,Mrauk-U,MMR012003,Mrauk-U,41525,38534,602,1827,501,30,31
MMR012,Rakhine,MMR012D005,Mrauk-U,MMR012004,Kyauktaw,36495,34510,383,762,781,20,39
MMR012,Rakhine,MMR012D005,Mrauk-U,MMR012005,Minbya,36628,34236,646,1003,662,19,62
MMR012,Rakhine,MMR012D005,Mrauk-U,MMR012006,Myebon,31339,27627,1168,1731,149,20,644
MMR012,Rakhine,MMR012D002,Maungdaw,MMR012009,Maungdaw,7896,6694,295,142,677,20,68
MMR012,Rakhine,MMR012D002,Maungdaw,MMR012010,Buthidaung,11264,9276,145,169,1639,9,26
MMR012,Rakhine,MMR012D003,Kyaukpyu,MMR012011,Kyaukpyu,37264,33584,1361,978,1132,106,103
MMR012,Rakhine,MMR012D003,Kyaukpyu,MMR012012,Munaung,14735,14121,236,268,94,5,11
MMR012,Rakhine,MMR012D003,Kyaukpyu,MMR012013,Ramree,22418,21643,328,338,91,7,11
MMR012,Rakhine,MMR012D003,Kyaukpyu,MMR012014,Ann,27359,24602,940,682,1044,35,56
MMR012,Rakhine,MMR012D004,Thandwe,MMR012015,Thandwe,31075,27516,1682,726,888,190,73
MMR012,Rakhine,MMR012D004,Thandwe,MMR012016,Toungup,35192,31330,1818,1119,751,96,78
MMR012,Rakhine,MMR012D004,Thandwe,MMR012017,Gwa,17326,15430,861,663,309,39,24
MMR013,Yangon,MMR013D001,Yangon (North),MMR013001,Insein,61676,34320,15126,2344,7212,1648,1026
MMR013,Yangon,MMR013D001,Yangon (North),MMR013002,Mingaladon,66303,33027,20612,2495,8207,1254,708
MMR013,Yangon,MMR013D001,Yangon (North),MMR013003,Hmawbi,56469,42215,5755,1871,4784,1416,428
MMR013,Yangon,MMR013D001,Yangon (North),MMR013004,Hlegu,58023,46846,3118,1437,5365,713,544
MMR013,Yangon,MMR013D001,Yangon (North),MMR013005,Taikkyi,66999,59512,2556,1337,2003,1160,431
MMR013,Yangon,MMR013D001,Yangon (North),MMR013006,Htantabin,34211,29640,2186,1620,135,145,485
MMR013,Yangon,MMR013D001,Yangon (North),MMR013007,Shwepyithar,73775,40677,25986,2419,1711,1647,1335
MMR013,Yangon,MMR013D001,Yangon (North),MMR013008,Hlaingtharya,148711,58666,81378,2097,1066,1941,3563
MMR013,Yangon,MMR013D002,Yangon (East),MMR013009,Thingangyun,43320,24773,13721,1710,2013,395,708
MMR013,Yangon,MMR013D002,Yangon (East),MMR013010,Yankin,14637,7902,3347,371,2540,173,304
MMR013,Yangon,MMR013D002,Yangon (East),MMR013011,South Okkalapa,32725,18924,9355,2754,920,293,479
MMR013,Yangon,MMR013D002,Yangon (East),MMR013012,North Okkalapa,64756,39317,19839,3349,1204,440,607
MMR013,Yangon,MMR013D002,Yangon (East),MMR013013,Thaketa,45456,23224,13820,4563,2425,641,783
MMR013,Yangon,MMR013D002,Yangon (East),MMR013014,Dawbon,14409,7269,5775,295,524,397,149
MMR013,Yangon,MMR013D002,Yangon (East),MMR013015,Tamwe,35360,22307,10578,979,1109,186,201
MMR013,Yangon,MMR013D002,Yangon (East),MMR013016,Pazundaung,10306,6866,2552,321,365,53,149
MMR013,Yangon,MMR013D002,Yangon (East),MMR013017,Botahtaung,8397,4468,1337,227,2165,93,107
MMR013,Yangon,MMR013D002,Yangon (East),MMR013018,Dagon Myothit (South),76984,40931,28549,3038,1264,837,2365
MMR013,Yangon,MMR013D002,Yangon (East),MMR013019,Dagon Myothit (North),42704,23079,14753,2468,724,907,773
MMR013,Yangon,MMR013D002,Yangon (East),MMR013020,Dagon Myothit (East),33913,18870,10090,1310,872,559,2212
MMR013,Yangon,MMR013D002,Yangon (East),MMR013021,Dagon Myothit (Seikkan),37905,19894,14446,932,602,841,1190
MMR013,Yangon,MMR013D002,Yangon (East),MMR013022,Mingalartaungnyunt,25918,13977,6786,532,3870,429,324
MMR013,Yangon,MMR013D003,Yangon (South),MMR013023,Thanlyin,61597,44779,10096,1620,3989,770,343
MMR013,Yangon,MMR013D003,Yangon (South),MMR013024,Kyauktan,42469,37375,3046,1098,521,311,118
MMR013,Yangon,MMR013D003,Yangon (South),MMR013025,Thongwa,40087,38633,720,469,115,62,88
MMR013,Yangon,MMR013D003,Yangon (South),MMR013026,Kayan,39314,38075,630,441,129,16,23
MMR013,Yangon,MMR013D003,Yangon (South),MMR013027,Twantay,51602,47156,1875,1532,422,550,67
MMR013,Yangon,MMR013D003,Yangon (South),MMR013028,Kawhmu,29792,28213,656,598,181,49,95
MMR013,Yangon,MMR013D003,Yangon (South),MMR013029,Kungyangon,28352,26980,709,461,121,23,58
MMR013,Yangon,MMR013D003,Yangon (South),MMR013030,Dala,37912,26479,7777,1359,1153,31,1113
MMR013,Yangon,MMR013D003,Yangon (South),MMR013031,Seikgyikanaungto,7729,6106,1245,233,74,33,38
MMR013,Yangon,MMR013D003,Yangon (South),MMR013032,Cocokyun,351,132,14,20,182,2,1
MMR013,Yangon,MMR013D004,Yangon (West),MMR013033,Kyauktada,6120,4207,1321,151,354,32,55
MMR013,Yangon,MMR013D004,Yangon (West),MMR013034,Pabedan,6563,4937,1215,246,82,32,51
MMR013,Yangon,MMR013D004,Yangon (West),MMR013035,Lanmadaw,8599,5394,1912,343,750,84,116
MMR013,Yangon,MMR013D004,Yangon (West),MMR013036,Latha,4473,3192,834,170,244,20,13
MMR013,Yangon,MMR013D004,Yangon (West),MMR013037,Ahlone,10943,5766,2330,432,1893,145,377
MMR013,Yangon,MMR013D004,Yangon (West),MMR013038,Kyeemyindaing,23062,15565,5693,920,710,47,127
MMR013,Yangon,MMR013D004,Yangon (West),MMR013039,Sanchaung,20635,13004,5659,935,842,71,124
MMR013,Yangon,MMR013D004,Yangon (West),MMR013040,Hlaing,32837,17597,9881,1132,3378,533,316
MMR013,Yangon,MMR013D004,Yangon (West),MMR013041,Kamaryut,16299,8706,4534,511,2214,173,161
MMR013,Yangon,MMR013D004,Yangon (West),MMR013042,Mayangone,38807,20311,11236,1876,4521,547,316
MMR013,Yangon,MMR013D004,Yangon (West),MMR013043,Dagon,4608,1861,471,87,1913,206,70
MMR013,Yangon,MMR013D004,Yangon (West),MMR013044,Bahan,17426,9597,4256,753,2183,356,281
MMR013,Yangon,MMR013D004,Yangon (West),MMR013045,Seikkan,410,9,78,,282,27,14
MMR222,Shan,MMR014D001,Taunggyi,MMR014001,Taunggyi,94869,67311,15172,5091,5335,1493,467
MMR222,Shan,MMR014D001,Taunggyi,MMR014002,Nyaungshwe,42634,36810,610,4656,292,161,105
MMR222,Shan,MMR014D001,Taunggyi,MMR014003,Hopong,24728,23176,456,423,544,108,21
MMR222,Shan,MMR014D001,Taunggyi,MMR014004,Hsihseng,32771,29998,746,1238,636,103,50
MMR222,Shan,MMR014D001,Taunggyi,MMR014005,Kalaw,41341,35279,1698,951,2153,302,958
MMR222,Shan,MMR014D001,Taunggyi,MMR014006,Pindaya,17544,17168,121,122,115,11,7
MMR222,Shan,MMR014D001,Taunggyi,MMR014007,Ywangan,18348,17912,125,159,129,13,10
MMR222,Shan,MMR014D001,Taunggyi,MMR014008,Lawksawk,34107,30206,979,666,1910,139,207
MMR222,Shan,MMR014D001,Taunggyi,MMR014009,Pinlaung,42083,40065,381,419,804,307,107
MMR222,Shan,MMR014D001,Taunggyi,MMR014010,Pekon,20084,18306,501,466,775,14,22
MMR222,Shan,MMR014D002,Loilen,MMR014011,Loilen,25417,22658,1207,477,1010,22,43
MMR222,Shan,MMR014D002,Loilen,MMR014012,Laihka,8790,8379,112,77,198,12,12
MMR222,Shan,MMR014D002,Loilen,MMR014013,Nansang,23227,19538,1361,264,1807,76,181
MMR222,Shan,MMR014D002,Loilen,MMR014014,Kunhing,11137,10378,172,128,412,21,26
MMR222,Shan,MMR014D002,Loilen,MMR014015,Kyethi,14712,14203,84,29,373,12,11
MMR222,Shan,MMR014D002,Loilen,MMR014016,Mongkaing,16332,15829,174,98,143,9,79
MMR222,Shan,MMR014D002,Loilen,MMR014017,Monghsu,15867,14544,773,171,225,115,39
MMR222,Shan,MMR014D003,Langkho,MMR014018,Langkho,9548,8785,135,131,464,16,17
MMR222,Shan,MMR014D003,Langkho,MMR014019,Mongnai,8485,7331,214,120,727,56,37
MMR222,Shan,MMR014D003,Langkho,MMR014020,Mawkmai,7194,6918,53,62,117,3,41
MMR222,Shan,MMR014D003,Langkho,MMR014021,Mongpan,5421,4623,131,120,500,13,34
MMR222,Shan,MMR015D001,Lashio,MMR015001,Lashio,64932,48314,9932,1285,4089,914,398
MMR222,Shan,MMR015D001,Lashio,MMR015002,Hseni,11779,10645,298,94,658,68,16
MMR222,Shan,MMR015D001,Lashio,MMR015003,Mongyai,13328,12859,81,49,276,4,59
MMR222,Shan,MMR015D001,Lashio,MMR015004,Tangyan,35142,33387,746,231,606,101,71
MMR222,Shan,MMR015D002,Muse,MMR015009,Muse,32758,22523,8519,350,915,313,138
MMR222,Shan,MMR015D002,Muse,MMR015010,Namhkan,21417,19704,938,182,355,163,75
MMR222,Shan,MMR015D002,Muse,MMR015011,Kutkai,32080,29279,1360,250,864,92,235
MMR222,Shan,MMR015D003,Kyaukme,MMR015012,Kyaukme,38256,33646,2353,828,1075,179,175
MMR222,Shan,MMR015D003,Kyaukme,MMR015013,Nawnghkio,32224,28887,992,480,784,942,139
MMR222,Shan,MMR015D003,Kyaukme,MMR015014,Hsipaw,37906,34939,1224,387,1125,149,82
MMR222,Shan,MMR015D003,Kyaukme,MMR015015,Namtu,11641,8708,938,161,578,1219,37
MMR222,Shan,MMR015D003,Kyaukme,MMR015016,Namhsan,13685,11885,474,1167,116,20,23
MMR222,Shan,MMR015D003,Kyaukme,MMR015017,Mongmit,13652,12667,246,203,509,9,18
MMR222,Shan,MMR015D003,Kyaukme,MMR015018,Mabein,8632,8185,247,38,150,7,5
MMR222,Shan,MMR015D003,Kyaukme,MMR015019,Manton,7683,7358,128,83,81,4,29
MMR222,Shan,MMR015D004,Kunlong,MMR015020,Kunlong,10392,9329,364,77,479,124,19
MMR222,Shan,MMR015D005,Laukkaing,MMR015022,Laukkaing,15181,12637,1405,111,914,54,60
MMR222,Shan,MMR015D005,Laukkaing,MMR015023,Konkyan,9665,9461,73,14,99,4,14
MMR222,Shan,MMR015D006,Hopang,MMR015021,Hopang,11216,10288,411,55,307,111,44
MMR222,Shan,MMR015D006,Hopang,MMR015008,Mongmao,10445,10306,96,22,6,13,2
MMR222,Shan,MMR015D006,Hopang,MMR015007,Pangwaun,13969,13897,51,10,1,4,6
MMR222,Shan,MMR015D007,Matman,MMR015024,Matman,3318,3049,8,33,206,0,22
MMR222,Shan,MMR015D007,Matman,MMR015005,Pangsang,16457,13558,1794,145,218,715,27
MMR222,Shan,MMR015D007,Matman,MMR015006,Narphan,16474,16363,49,16,6,37,3
MMR222,Shan,MMR016D001,Kengtung,MMR016001,Kengtung,34096,28967,1411,447,2870,174,227
MMR222,Shan,MMR016D001,Kengtung,MMR016002,Mongkhet,8025,7695,47,34,234,6,9
MMR222,Shan,MMR016D001,Kengtung,MMR016003,Mongyang,19404,18706,464,22,178,16,18
MMR222,Shan,MMR016D001,Kengtung,MMR016005,Mongla,5208,4951,175,54,10,12,6
MMR222,Shan,MMR016D002,Monghsat,MMR016006,Monghsat,19111,16836,501,417,1013,243,101
MMR222,Shan,MMR016D002,Monghsat,MMR016007,Mongping,13299,12695,85,90,350,12,67
MMR222,Shan,MMR016D002,Monghsat,MMR016008,Mongton,12521,10730,413,329,612,403,34
MMR222,Shan,MMR016D003,Tachileik,MMR016009,Tachileik,37673,25780,8257,980,1469,898,289
MMR222,Shan,MMR016D004,Monghpyak,MMR016010,Monghpyak,6165,5364,122,38,604,17,20
MMR222,Shan,MMR016D004,Monghpyak,MMR016011,Mongyawng,17196,16369,248,41,398,125,15
MMR017,Ayeyarwady,MMR017D001,Pathein,MMR017002,Kangyidaunt,42966,41535,569,388,299,75,100
MMR017,Ayeyarwady,MMR017D001,Pathein,MMR017007,Kyaunggon,41402,40782,222,200,133,38,27
MMR017,Ayeyarwady,MMR017D001,Pathein,MMR017005,Kyonpyaw,59488,58276,394,506,227,33,52
MMR017,Ayeyarwady,MMR017D001,Pathein,MMR017004,Ngapudaw,76652,68468,2987,3356,583,816,442
MMR017,Ayeyarwady,MMR017D001,Pathein,MMR017001,Pathein,85687,70548,7669,1793,4432,810,435
MMR017,Ayeyarwady,MMR017D001,Pathein,MMR017006,Yegyi,50715,49096,495,537,483,41,63
MMR017,Ayeyarwady,MMR017D001,Pathein,MMR017003,Thabaung,37237,35682,228,353,856,77,41
MMR017,Ayeyarwady,MMR017D006,Pyapon,MMR017025,Kyaiklat,43748,42209,769,341,220,136,73
MMR017,Ayeyarwady,MMR017D006,Pyapon,MMR017026,Dedaye,48610,46129,1119,826,170,246,120
MMR017,Ayeyarwady,MMR017D006,Pyapon,MMR017023,Pyapon,69416,60297,4042,2371,685,1328,693
MMR017,Ayeyarwady,MMR017D006,Pyapon,MMR017024,Bogale,75987,67853,3894,2665,439,198,938
MMR017,Ayeyarwady,MMR017D005,Maubin,MMR017021,Nyaungdon,51201,49037,612,585,583,294,90
MMR017,Ayeyarwady,MMR017D005,Maubin,MMR017022,Danubyu,44797,43892,290,158,291,141,25
MMR017,Ayeyarwady,MMR017D005,Maubin,MMR017020,Pantanaw,60277,59408,251,129,158,258,73
MMR017,Ayeyarwady,MMR017D005,Maubin,MMR017019,Maubin,71804,68376,1277,647,774,432,298
MMR017,Ayeyarwady,MMR017D003,Myaungmya,MMR017014,Myaungmya,66172,61790,2077,1056,803,304,142
MMR017,Ayeyarwady,MMR017D003,Myaungmya,MMR017017,Wakema,67448,64928,1152,875,320,75,98
MMR017,Ayeyarwady,MMR017D003,Myaungmya,MMR017015,Einme,46455,45371,403,282,224,83,92
MMR017,Ayeyarwady,MMR017D004,Labutta,MMR017018,Mawlamyinegyun,74886,69194,2978,1685,464,164,401
MMR017,Ayeyarwady,MMR017D004,Labutta,MMR017016,Labutta,75583,66670,4530,3078,517,366,422
MMR017,Ayeyarwady,MMR017D002,Hinthada,MMR017012,Kyangin,26857,25151,432,515,683,42,34
MMR017,Ayeyarwady,MMR017D002,Hinthada,MMR017009,Zalun,42073,41347,224,326,131,14,31
MMR017,Ayeyarwady,MMR017D002,Hinthada,MMR017011,Myanaung,59920,57578,504,915,825,43,55
MMR017,Ayeyarwady,MMR017D002,Hinthada,MMR017010,Lemyethna,26244,25649,111,363,86,7,28
MMR017,Ayeyarwady,MMR017D002,Hinthada,MMR017008,Hinthada,86129,82126,1571,1109,1109,93,121
MMR017,Ayeyarwady,MMR017D002,Hinthada,MMR017013,Ingapu,57229,55502,367,751,489,47,73
MMR018,Nay Pyi Taw,MMR018D001,Nay Pyi Taw (North),MMR018003,Tatkon,51747,47297,1002,617,2378,406,47
MMR018,Nay Pyi Taw,MMR018D001,Nay Pyi Taw (North),MMR018001,Zay Yar Thi Ri,26075,16387,1107,183,8021,290,87
MMR018,Nay Pyi Taw,MMR018D001,Nay Pyi Taw (North),MMR018008,Oke Ta Ra Thi Ri,18661,13962,1006,746,1943,867,137
MMR018,Nay Pyi Taw,MMR018D001,Nay Pyi Taw (North),MMR018005,Poke Ba Thi Ri,27616,18375,2749,1771,3961,401,359
MMR018,Nay Pyi Taw,MMR018D002,Nay Pyi Taw (South),MMR018006,Pyinmana,39663,30968,4272,1600,2434,176,213
MMR018,Nay Pyi Taw,MMR018D002,Nay Pyi Taw (South),MMR018007,Lewe,65174,60185,1158,1271,1933,542,85
MMR018,Nay Pyi Taw,MMR018D002,Nay Pyi Taw (South),MMR018002,Za Bu Thi Ri,26320,5747,2132,335,16980,943,183
MMR018,Nay Pyi Taw,MMR018D002,Nay Pyi Taw (South),MMR018004,Det Khi Na Thi Ri,6997,6155,293,72,94,279,104
