pcode_st,name_st,pcode_dt,name_dt,pcode_ts,name_ts,com_t,com_radio,com_tv,com_lline,com_mob,com_comp,com_int
MMR001,Kachin,MMR001D001,Myitkyina,MMR001001,Myitkyina,52591,28403,35801,4499,28739,4041,6078
MMR001,Kachin,MMR001D001,Myitkyina,MMR001002,Waingmaw,22860,10051,10541,1416,5880,474,525
MMR001,Kachin,MMR001D001,Myitkyina,MMR001003,Injangyang,285,115,58,5,22,3,1
MMR001,Kachin,MMR001D001,Myitkyina,MMR001004,Tanai,8528,3516,4406,444,2556,176,409
MMR001,Kachin,MMR001D001,Myitkyina,MMR001005,Chipwi,3306,709,1431,64,811,58,10
MMR001,Kachin,MMR001D001,Myitkyina,MMR001006,Tsawlaw,1073,390,253,2,34,8,1
MMR001,Kachin,MMR001D002,Mohnyin,MMR001007,Mohnyin,39622,20119,26357,2485,15827,1030,1476
MMR001,Kachin,MMR001D002,Mohnyin,MMR001008,Mogaung,24898,10177,15893,1814,9016,594,999
MMR001,Kachin,MMR001D002,Mohnyin,MMR001009,Hpakant,36632,11684,24427,2567,16787,1009,733
MMR001,Kachin,MMR001D003,Bhamo,MMR001010,Bhamo,24161,12417,16793,1372,9820,1012,1198
MMR001,Kachin,MMR001D003,Bhamo,MMR001011,Shwegu,16621,5902,9823,787,3995,250,442
MMR001,Kachin,MMR001D003,Bhamo,MMR001012,Momauk,12370,3710,7388,810,3103,253,93
MMR001,Kachin,MMR001D003,Bhamo,MMR001013,Mansi,10554,4004,6809,714,2997,133,43
MMR001,Kachin,MMR001D004,Puta-O,MMR001014,Puta-O,10743,2623,2767,123,1151,196,44
MMR001,Kachin,MMR001D004,Puta-O,MMR001015,Sumprabum,479,333,166,14,45,9,0
MMR001,Kachin,MMR001D004,Puta-O,MMR001016,Machanbaw,1719,517,403,16,106,22,3
MMR001,Kachin,MMR001D004,Puta-O,MMR001018,Khaunglanhpu,1711,1003,202,10,12,9,9
MMR001,Kachin,MMR001D004,Puta-O,MMR001017,Nawngmun,1212,378,137,5,52,14,2
MMR002,Kayah,MMR002D001,Loikaw,MMR002001,Loikaw,26495,8272,18183,1478,12646,1498,2158
MMR002,Kayah,MMR002D001,Loikaw,MMR002002,Demoso,15347,4284,7335,448,2873,220,207
MMR002,Kayah,MMR002D001,Loikaw,MMR002003,Hpruso,5910,1545,1361,59,350,48,4
MMR002,Kayah,MMR002D001,Loikaw,MMR002004,Shadaw,1406,217,217,19,10,8,1
MMR002,Kayah,MMR002D002,Bawlake,MMR002005,Bawlakhe,2081,707,1059,53,28,46,3
MMR002,Kayah,MMR002D002,Bawlake,MMR002006,Hpasawng,4733,1161,2422,137,127,45,19
MMR002,Kayah,MMR002D002,Bawlake,MMR002007,Mese,1302,493,669,3,11,4,1
MMR003,Kayin,MMR003D001,Hpa-An,MMR003001,Hpa-An,89197,23343,51098,4020,27009,3105,4140
MMR003,Kayin,MMR003D001,Hpa-An,MMR003002,Hlaingbwe,53120,8551,16968,1660,4942,456,151
MMR003,Kayin,MMR003D001,Hpa-An,MMR003004,Thandaunggyi,19140,5866,7244,635,3583,198,154
MMR003,Kayin,MMR003D004,Hpapun,MMR003003,Hpapun,6502,1626,2266,101,1482,90,66
MMR003,Kayin,MMR003D002,Myawaddy,MMR003005,Myawaddy,44016,7383,25119,1996,22393,1869,991
MMR003,Kayin,MMR003D003,Kawkareik,MMR003006,Kawkareik,45498,12914,22157,1989,9032,1067,1036
MMR003,Kayin,MMR003D003,Kawkareik,MMR003007,Kyainseikgyi,50568,10004,20220,1075,9646,805,735
MMR004,Chin,MMR004D003,Hakha,MMR004002,Hakha,9917,1827,5058,1378,4889,482,374
MMR004,Chin,MMR004D003,Hakha,MMR004003,Thantlang,9782,1778,2911,541,956,212,80
MMR004,Chin,MMR004D001,Falam,MMR004001,Falam,9626,1661,4136,602,3547,241,245
MMR004,Chin,MMR004D001,Falam,MMR004004,Tedim,14683,2567,4481,1097,2926,497,274
MMR004,Chin,MMR004D001,Falam,MMR004005,Tonzang,4941,596,1016,83,371,78,26
MMR004,Chin,MMR004D002,Mindat,MMR004006,Mindat,8522,2939,1988,377,2084,142,106
MMR004,Chin,MMR004D002,Mindat,MMR004007,Matupi,10157,1526,2593,328,202,136,49
MMR004,Chin,MMR004D002,Mindat,MMR004008,Kanpetlet,3977,1450,497,54,306,57,6
MMR004,Chin,MMR004D002,Mindat,MMR004009,Paletwa,19516,4191,2204,123,286,154,27
MMR005,Sagaing,MMR005D001,Sagaing,MMR005001,Sagaing,65143,24857,37362,2362,26224,1542,1034
MMR005,Sagaing,MMR005D001,Sagaing,MMR005002,Myinmu,25304,12969,10031,967,5655,278,415
MMR005,Sagaing,MMR005D001,Sagaing,MMR005003,Myaung,24262,14735,7616,1137,3278,188,276
MMR005,Sagaing,MMR005D002,Shwebo,MMR005004,Shwebo,57297,20187,26762,2619,16846,1236,2657
MMR005,Sagaing,MMR005D002,Shwebo,MMR005005,Khin-U,32624,14242,10055,1160,4689,185,648
MMR005,Sagaing,MMR005D002,Shwebo,MMR005006,Wetlet,46712,24510,15997,1563,7460,344,1051
MMR005,Sagaing,MMR005D002,Shwebo,MMR005007,Kanbalu,61326,26656,19965,2416,8773,554,1000
MMR005,Sagaing,MMR005D002,Shwebo,MMR005008,Kyunhla,20863,8631,8580,1197,3376,186,503
MMR005,Sagaing,MMR005D002,Shwebo,MMR005009,Ye-U,26373,11910,9919,1369,6047,311,728
MMR005,Sagaing,MMR005D002,Shwebo,MMR005010,Tabayin,30345,13852,7924,973,4322,228,732
MMR005,Sagaing,MMR005D002,Shwebo,MMR005011,Taze,35937,16857,10845,1821,5559,307,533
MMR005,Sagaing,MMR005D003,Monywa,MMR005012,Monywa,75962,31197,46306,5218,38578,4169,5721
MMR005,Sagaing,MMR005D003,Monywa,MMR005013,Budalin,28616,15134,7778,928,4073,224,570
MMR005,Sagaing,MMR005D003,Monywa,MMR005014,Ayadaw,35591,17807,10042,721,4799,199,404
MMR005,Sagaing,MMR005D003,Monywa,MMR005015,Chaung-U,23376,12281,8561,1075,6805,280,617
MMR005,Sagaing,MMR005D004,Katha,MMR005020,Katha,31961,16415,17304,1246,7934,491,1301
MMR005,Sagaing,MMR005D004,Katha,MMR005021,Indaw,23230,7599,13310,1250,5194,300,869
MMR005,Sagaing,MMR005D004,Katha,MMR005022,Tigyaing,26389,7999,15239,1044,5216,253,916
MMR005,Sagaing,MMR005D004,Katha,MMR005023,Banmauk,18868,5357,11220,685,745,169,27
MMR005,Sagaing,MMR005D004,Katha,MMR005024,Kawlin,31403,8979,18027,2120,6229,562,835
MMR005,Sagaing,MMR005D004,Katha,MMR005025,Wuntho,14205,3538,8855,630,3344,167,673
MMR005,Sagaing,MMR005D004,Katha,MMR005026,Pinlebu,21900,6323,10360,395,1480,156,43
MMR005,Sagaing,MMR005D005,Kale,MMR005027,Kale,72769,21717,36478,2985,26902,2124,3232
MMR005,Sagaing,MMR005D005,Kale,MMR005028,Kalewa,11735,5405,4581,495,1865,114,145
MMR005,Sagaing,MMR005D005,Kale,MMR005029,Mingin,22058,12165,6123,558,354,123,16
MMR005,Sagaing,MMR005D006,Tamu,MMR005030,Tamu,22591,6514,10938,1091,7259,553,798
MMR005,Sagaing,MMR005D007,Mawlaik,MMR005031,Mawlaik,10345,5211,4779,199,1840,134,306
MMR005,Sagaing,MMR005D007,Mawlaik,MMR005032,Paungbyin,20246,9267,6099,398,371,164,53
MMR005,Sagaing,MMR005D008,Hkamti,MMR005033,Hkamti,7361,2282,3330,166,1418,172,71
MMR005,Sagaing,MMR005D008,Hkamti,MMR005034,Homalin,35743,12251,19432,1289,4005,546,331
MMR005,Sagaing,MMR005D008,Hkamti,MMR005035,Lay Shi,1966,607,257,11,90,14,2
MMR005,Sagaing,MMR005D008,Hkamti,MMR005036,Lahe,8932,1215,501,38,787,29,4
MMR005,Sagaing,MMR005D008,Hkamti,MMR005037,Nanyun,7840,1001,342,44,170,29,6
MMR005,Sagaing,MMR005D009,Yinmabin,MMR005016,Yinmabin,29532,18628,8793,1060,4346,283,572
MMR005,Sagaing,MMR005D009,Yinmabin,MMR005018,Salingyi,26467,14374,11739,552,5762,482,1004
MMR005,Sagaing,MMR005D009,Yinmabin,MMR005019,Pale,32362,18218,9412,1166,3731,229,682
MMR005,Sagaing,MMR005D009,Yinmabin,MMR005017,Kani,29223,19056,7202,1337,2637,175,231
MMR006,Tanintharyi,MMR006D001,Dawei,MMR006001,Dawei,29133,11440,19161,2147,14190,1849,3549
MMR006,Tanintharyi,MMR006D001,Dawei,MMR006002,Launglon,25735,10600,13818,852,7700,476,1597
MMR006,Tanintharyi,MMR006D001,Dawei,MMR006003,Thayetchaung,22874,8496,10464,827,4525,295,663
MMR006,Tanintharyi,MMR006D001,Dawei,MMR006004,Yebyu,26350,10170,11426,849,4526,512,417
MMR006,Tanintharyi,MMR006D002,Myeik,MMR006005,Myeik,54349,19723,31076,2349,21639,2288,6343
MMR006,Tanintharyi,MMR006D002,Myeik,MMR006006,Kyunsu,32988,11947,11552,1215,3872,275,472
MMR006,Tanintharyi,MMR006D002,Myeik,MMR006007,Palaw,25653,6886,11218,1202,5807,371,722
MMR006,Tanintharyi,MMR006D002,Myeik,MMR006008,Tanintharyi,19929,5820,6473,616,2942,236,443
MMR006,Tanintharyi,MMR006D003,Kawthoung,MMR006009,Kawthoung,30346,6463,18215,1438,16523,1365,1066
MMR006,Tanintharyi,MMR006D003,Kawthoung,MMR006010,Bokpyin,15742,3908,5692,627,2728,206,390
MMR111,Bago,MMR007D001,Bago,MMR007001,Bago,107132,31032,59797,5382,51250,3432,9363
MMR111,Bago,MMR007D001,Bago,MMR007002,Thanatpin,32527,12500,13422,1436,4989,196,806
MMR111,Bago,MMR007D001,Bago,MMR007003,Kawa,46075,19131,18756,2470,5475,254,536
MMR111,Bago,MMR007D001,Bago,MMR007004,Waw,37083,15383,16471,1676,7037,254,720
MMR111,Bago,MMR007D001,Bago,MMR007005,Nyaunglebin,44762,18248,16488,2169,12455,432,316
MMR111,Bago,MMR007D001,Bago,MMR007006,Kyauktaga,51648,17147,17894,1869,10276,412,247
MMR111,Bago,MMR007D001,Bago,MMR007007,Daik-U,45753,17095,18361,1784,10442,458,1666
MMR111,Bago,MMR007D001,Bago,MMR007008,Shwegyin,21782,8759,8852,1128,5097,252,717
MMR111,Bago,MMR007D002,Taungoo,MMR007009,Taungoo,57460,17163,33383,2548,25414,1948,4697
MMR111,Bago,MMR007D002,Taungoo,MMR007010,Yedashe,50527,16350,23670,1400,14665,556,2298
MMR111,Bago,MMR007D002,Taungoo,MMR007011,Kyaukkyi,22883,7069,7204,1186,3344,185,647
MMR111,Bago,MMR007D002,Taungoo,MMR007012,Phyu,54931,15862,23918,2288,14434,838,2806
MMR111,Bago,MMR007D002,Taungoo,MMR007013,Oktwin,36870,12099,15520,736,8414,389,1592
MMR111,Bago,MMR007D002,Taungoo,MMR007014,Htantabin,26781,8593,10628,760,4226,155,880
MMR111,Bago,MMR008D001,Pyay,MMR008001,Pyay,58557,22457,40232,3393,24980,2289,4856
MMR111,Bago,MMR008D001,Pyay,MMR008002,Paukkhaung,32347,16611,14331,963,5455,212,765
MMR111,Bago,MMR008D001,Pyay,MMR008003,Padaung,38892,19303,22252,1352,9555,484,1273
MMR111,Bago,MMR008D001,Pyay,MMR008004,Paungde,36700,16651,15343,1116,7245,330,563
MMR111,Bago,MMR008D001,Pyay,MMR008005,Thegon,35950,16978,17544,880,8338,270,1227
MMR111,Bago,MMR008D001,Pyay,MMR008006,Shwedaung,33564,15911,17391,960,7187,357,1325
MMR111,Bago,MMR008D002,Thayarwady,MMR008007,Thayarwady,36626,14081,13627,1113,8770,342,1193
MMR111,Bago,MMR008D002,Thayarwady,MMR008008,Letpadan,43484,18096,15564,1464,9324,291,1061
MMR111,Bago,MMR008D002,Thayarwady,MMR008009,Minhla,30894,12461,11416,807,5968,189,665
MMR111,Bago,MMR008D002,Thayarwady,MMR008010,Okpho,31894,11761,11944,722,7025,230,1171
MMR111,Bago,MMR008D002,Thayarwady,MMR008011,Zigon,18210,6374,9174,547,5203,170,499
MMR111,Bago,MMR008D002,Thayarwady,MMR008012,Nattalin,45769,20693,20514,1292,9688,284,1175
MMR111,Bago,MMR008D002,Thayarwady,MMR008013,Monyo,33287,15651,10898,827,4605,116,108
MMR111,Bago,MMR008D002,Thayarwady,MMR008014,Gyobingauk,30586,11371,13592,1003,8673,326,1049
MMR009,Magway,MMR009D001,Magway,MMR009001,Magway,68677,25429,32612,3835,23646,2293,2156
MMR009,Magway,MMR009D001,Magway,MMR009002,Yenangyaung,32500,13130,12818,1290,9514,455,1306
MMR009,Magway,MMR009D001,Magway,MMR009003,Chauk,44618,19272,17911,2226,11365,484,1388
MMR009,Magway,MMR009D001,Magway,MMR009004,Taungdwingyi,60263,31329,25156,2289,13243,624,1831
MMR009,Magway,MMR009D001,Magway,MMR009005,Myothit,36948,20770,9408,975,4782,144,928
MMR009,Magway,MMR009D001,Magway,MMR009006,Natmauk,48426,28706,13157,1301,6572,257,985
MMR009,Magway,MMR009D002,Minbu,MMR009007,Minbu,43817,16650,20033,1347,12635,756,1316
MMR009,Magway,MMR009D002,Minbu,MMR009008,Pwintbyu,39764,17346,16798,1155,9265,337,1551
MMR009,Magway,MMR009D002,Minbu,MMR009009,Ngape,12457,5818,5051,397,3546,141,378
MMR009,Magway,MMR009D002,Minbu,MMR009010,Salin,55605,30172,17487,1726,8358,347,1368
MMR009,Magway,MMR009D002,Minbu,MMR009011,Sidoktaya,10780,5194,2607,84,1135,62,20
MMR009,Magway,MMR009D003,Thayet,MMR009012,Thayet,25972,11609,11866,402,7174,270,932
MMR009,Magway,MMR009D003,Thayet,MMR009013,Minhla,31622,14008,12932,749,10286,406,1498
MMR009,Magway,MMR009D003,Thayet,MMR009014,Mindon,16809,8449,5553,891,2869,87,656
MMR009,Magway,MMR009D003,Thayet,MMR009015,Kamma,19143,11281,7784,699,2421,105,389
MMR009,Magway,MMR009D003,Thayet,MMR009016,Aunglan,57609,20572,27148,1392,14800,652,2968
MMR009,Magway,MMR009D003,Thayet,MMR009017,Sinbaungwe,28684,14241,9633,701,4506,98,565
MMR009,Magway,MMR009D004,Pakokku,MMR009018,Pakokku,66340,27199,32417,3157,24697,1818,3774
MMR009,Magway,MMR009D004,Pakokku,MMR009019,Yesagyo,47332,27277,16364,1675,13420,443,2291
MMR009,Magway,MMR009D004,Pakokku,MMR009020,Myaing,53641,30797,15412,1701,10134,431,1654
MMR009,Magway,MMR009D004,Pakokku,MMR009021,Pauk,38965,21126,8856,1255,4761,234,491
MMR009,Magway,MMR009D004,Pakokku,MMR009022,Seikphyu,23427,11514,5098,862,4558,223,321
MMR009,Magway,MMR009D005,Gangaw,MMR009023,Gangaw,29912,12828,13001,1110,8888,471,1799
MMR009,Magway,MMR009D005,Gangaw,MMR009024,Tilin,10532,6152,3294,400,2371,75,84
MMR009,Magway,MMR009D005,Gangaw,MMR009025,Saw,15934,9835,5860,526,4504,128,423
MMR010,Mandalay,MMR010D001,Mandalay,MMR010001,Aungmyaythazan,49731,11630,41866,4255,37880,6064,9085
MMR010,Mandalay,MMR010D001,Mandalay,MMR010002,Chanayethazan,33281,8165,28955,5950,28208,6731,10962
MMR010,Mandalay,MMR010D001,Mandalay,MMR010003,Mahaaungmyay,41927,9164,35273,3958,33694,5683,11079
MMR010,Mandalay,MMR010D001,Mandalay,MMR010004,Chanmyathazi,53047,12187,43352,2904,39645,5527,12587
MMR010,Mandalay,MMR010D001,Mandalay,MMR010005,Pyigyitagon,43875,9954,31987,1965,30646,2677,8346
MMR010,Mandalay,MMR010D001,Mandalay,MMR010006,Amarapura,49626,15396,31626,1386,29905,2016,6059
MMR010,Mandalay,MMR010D001,Mandalay,MMR010007,Patheingyi,52990,18331,32719,1482,30026,1723,6208
MMR010,Mandalay,MMR010D002,Pyinoolwin,MMR010008,Pyinoolwin,53382,18200,38509,2757,35827,4006,5727
MMR010,Mandalay,MMR010D002,Pyinoolwin,MMR010009,Madaya,58645,23938,29163,2167,15334,629,2101
MMR010,Mandalay,MMR010D002,Pyinoolwin,MMR010010,Singu,34533,12573,14466,1707,8437,378,1047
MMR010,Mandalay,MMR010D002,Pyinoolwin,MMR010011,Mogoke,35247,9219,22693,1585,14888,1394,3433
MMR010,Mandalay,MMR010D002,Pyinoolwin,MMR010012,Thabeikkyin,33141,10004,13540,1465,3559,405,160
MMR010,Mandalay,MMR010D003,Kyaukse,MMR010013,Kyaukse,57765,20786,32348,1069,23029,1520,4523
MMR010,Mandalay,MMR010D003,Kyaukse,MMR010014,Sintgaing,33579,12650,19676,790,14191,795,2151
MMR010,Mandalay,MMR010D003,Kyaukse,MMR010015,Myittha,46017,17847,23604,963,13079,474,1250
MMR010,Mandalay,MMR010D003,Kyaukse,MMR010016,Tada-U,32627,15446,15729,798,10158,353,1693
MMR010,Mandalay,MMR010D004,Myingyan,MMR010017,Myingyan,62340,26801,27372,2714,20665,1081,1275
MMR010,Mandalay,MMR010D004,Myingyan,MMR010018,Taungtha,49852,26657,14528,1923,11643,349,697
MMR010,Mandalay,MMR010D004,Myingyan,MMR010019,Natogyi,40965,20225,16025,2027,10587,263,462
MMR010,Mandalay,MMR010D004,Myingyan,MMR010020,Kyaukpadaung,61961,32109,23923,2859,19350,731,1330
MMR010,Mandalay,MMR010D004,Myingyan,MMR010021,Ngazun,27838,13882,9437,1172,5093,155,317
MMR010,Mandalay,MMR010D005,Nyaung-U,MMR010022,Nyaung-U,54473,26744,19511,1976,18059,1002,1919
MMR010,Mandalay,MMR010D006,Yamethin,MMR010023,Yamethin,57259,29768,19224,1236,12993,506,676
MMR010,Mandalay,MMR010D006,Yamethin,MMR010024,Pyawbwe,58863,28636,20989,1795,15515,542,1493
MMR010,Mandalay,MMR010D007,Meiktila,MMR010028,Meiktila,68439,30247,37173,3216,27623,2256,4548
MMR010,Mandalay,MMR010D007,Meiktila,MMR010029,Mahlaing,33327,17940,13999,1973,5134,376,636
MMR010,Mandalay,MMR010D007,Meiktila,MMR010030,Thazi,44892,20419,18880,1377,12542,520,1364
MMR010,Mandalay,MMR010D007,Meiktila,MMR010031,Wundwin,53569,24940,21342,2179,13075,457,1858
MMR011,Mon,MMR011D001,Mawlamyine,MMR011001,Mawlamyine,57457,15312,45142,3732,34727,4033,7219
MMR011,Mon,MMR011D001,Mawlamyine,MMR011002,Kyaikmaraw,38888,10530,21832,1702,8573,472,797
MMR011,Mon,MMR011D001,Mawlamyine,MMR011003,Chaungzon,27944,13726,17171,1335,8744,476,910
MMR011,Mon,MMR011D001,Mawlamyine,MMR011004,Thanbyuzayat,36234,11377,23962,1991,12169,1018,1505
MMR011,Mon,MMR011D001,Mawlamyine,MMR011005,Mudon,39312,14838,28907,1705,16245,971,605
MMR011,Mon,MMR011D001,Mawlamyine,MMR011006,Ye,53448,14593,32909,2152,15150,1087,1113
MMR011,Mon,MMR011D002,Thaton,MMR011007,Thaton,48284,16137,25502,2002,14961,1070,1384
MMR011,Mon,MMR011D002,Thaton,MMR011008,Paung,43726,15860,26958,1914,13038,676,1599
MMR011,Mon,MMR011D002,Thaton,MMR011009,Kyaikto,38088,12212,19132,1636,12015,794,722
MMR011,Mon,MMR011D002,Thaton,MMR011010,Bilin,39231,13128,16953,1230,8892,429,592
MMR012,Rakhine,MMR012D001,Sittwe,MMR012001,Sittwe,29036,9556,13522,1500,12905,1608,2716
MMR012,Rakhine,MMR012D001,Sittwe,MMR012002,Ponnagyun,25335,6581,3673,521,2149,108,153
MMR012,Rakhine,MMR012D001,Sittwe,MMR012007,Pauktaw,30544,7341,4080,595,2285,100,180
MMR012,Rakhine,MMR012D001,Sittwe,MMR012008,Rathedaung,24341,7399,4000,994,3679,225,277
MMR012,Rakhine,MMR012D005,Mrauk-U,MMR012003,Mrauk-U,41525,11303,7258,1004,4070,343,481
MMR012,Rakhine,MMR012D005,Mrauk-U,MMR012004,Kyauktaw,36495,11255,6813,975,4977,355,584
MMR012,Rakhine,MMR012D005,Mrauk-U,MMR012005,Minbya,36628,8927,5709,743,3271,253,408
MMR012,Rakhine,MMR012D005,Mrauk-U,MMR012006,Myebon,31339,9612,5296,569,2496,219,358
MMR012,Rakhine,MMR012D002,Maungdaw,MMR012009,Maungdaw,7896,2096,2246,276,2537,298,361
MMR012,Rakhine,MMR012D002,Maungdaw,MMR012010,Buthidaung,11264,3097,2655,259,2578,199,398
MMR012,Rakhine,MMR012D003,Kyaukpyu,MMR012011,Kyaukpyu,37264,9487,9301,930,5937,466,392
MMR012,Rakhine,MMR012D003,Kyaukpyu,MMR012012,Munaung,14735,5446,2868,331,2405,117,127
MMR012,Rakhine,MMR012D003,Kyaukpyu,MMR012013,Ramree,22418,6745,1705,233,1979,108,173
MMR012,Rakhine,MMR012D003,Kyaukpyu,MMR012014,Ann,27359,7008,5744,876,3937,232,199
MMR012,Rakhine,MMR012D004,Thandwe,MMR012015,Thandwe,31075,14890,11746,1223,8705,544,1910
MMR012,Rakhine,MMR012D004,Thandwe,MMR012016,Toungup,35192,13717,9744,1237,6101,367,851
MMR012,Rakhine,MMR012D004,Thandwe,MMR012017,Gwa,17326,7757,5286,620,2826,204,567
MMR013,Yangon,MMR013D001,Yangon (North),MMR013001,Insein,61676,23395,51707,4760,45976,8286,30123
MMR013,Yangon,MMR013D001,Yangon (North),MMR013002,Mingaladon,66303,9415,54116,3162,44526,5690,9459
MMR013,Yangon,MMR013D001,Yangon (North),MMR013003,Hmawbi,56469,12829,36079,1577,27860,2113,5199
MMR013,Yangon,MMR013D001,Yangon (North),MMR013004,Hlegu,58023,14314,34879,2311,27770,2131,3396
MMR013,Yangon,MMR013D001,Yangon (North),MMR013005,Taikkyi,66999,19566,29482,2654,19843,904,2721
MMR013,Yangon,MMR013D001,Yangon (North),MMR013006,Htantabin,34211,9038,17482,1107,12085,308,1652
MMR013,Yangon,MMR013D001,Yangon (North),MMR013007,Shwepyithar,73775,15800,50778,2157,41959,3387,17290
MMR013,Yangon,MMR013D001,Yangon (North),MMR013008,Hlaingtharya,148711,15429,93222,4184,71432,4843,12662
MMR013,Yangon,MMR013D002,Yangon (East),MMR013009,Thingangyun,43320,8478,38352,5497,35436,8570,14004
MMR013,Yangon,MMR013D002,Yangon (East),MMR013010,Yankin,14637,5542,13631,4093,13270,4767,5663
MMR013,Yangon,MMR013D002,Yangon (East),MMR013011,South Okkalapa,32725,6334,29667,4461,27068,6447,7948
MMR013,Yangon,MMR013D002,Yangon (East),MMR013012,North Okkalapa,64756,10320,54959,3195,46986,6906,15195
MMR013,Yangon,MMR013D002,Yangon (East),MMR013013,Thaketa,45456,5523,39125,2254,35359,5264,10812
MMR013,Yangon,MMR013D002,Yangon (East),MMR013014,Dawbon,14409,2060,12512,554,11236,1313,3178
MMR013,Yangon,MMR013D002,Yangon (East),MMR013015,Tamwe,35360,9266,33464,7268,33432,12194,13106
MMR013,Yangon,MMR013D002,Yangon (East),MMR013016,Pazundaung,10306,2719,9714,3530,9704,4241,4465
MMR013,Yangon,MMR013D002,Yangon (East),MMR013017,Botahtaung,8397,3444,7920,2728,7823,3354,3723
MMR013,Yangon,MMR013D002,Yangon (East),MMR013018,Dagon Myothit (South),76984,13243,60271,2592,47585,4223,9251
MMR013,Yangon,MMR013D002,Yangon (East),MMR013019,Dagon Myothit (North),42704,13417,37961,3789,35386,8598,14303
MMR013,Yangon,MMR013D002,Yangon (East),MMR013020,Dagon Myothit (East),33913,11691,25292,746,22938,2242,6137
MMR013,Yangon,MMR013D002,Yangon (East),MMR013021,Dagon Myothit (Seikkan),37905,8611,23586,782,20606,2039,4165
MMR013,Yangon,MMR013D002,Yangon (East),MMR013022,Mingalartaungnyunt,25918,4362,23847,5029,23591,6655,7141
MMR013,Yangon,MMR013D003,Yangon (South),MMR013023,Thanlyin,61597,12407,40478,2406,34221,3308,6175
MMR013,Yangon,MMR013D003,Yangon (South),MMR013024,Kyauktan,42469,14520,21744,1942,17390,735,2614
MMR013,Yangon,MMR013D003,Yangon (South),MMR013025,Thongwa,40087,13950,20240,2254,12578,604,1785
MMR013,Yangon,MMR013D003,Yangon (South),MMR013026,Kayan,39314,15356,18446,2006,11113,526,1376
MMR013,Yangon,MMR013D003,Yangon (South),MMR013027,Twantay,51602,20369,27114,2740,16828,591,1947
MMR013,Yangon,MMR013D003,Yangon (South),MMR013028,Kawhmu,29792,11755,12933,1299,8972,263,760
MMR013,Yangon,MMR013D003,Yangon (South),MMR013029,Kungyangon,28352,10231,10921,1401,9501,216,838
MMR013,Yangon,MMR013D003,Yangon (South),MMR013030,Dala,37912,6784,23450,986,18208,1160,2949
MMR013,Yangon,MMR013D003,Yangon (South),MMR013031,Seikgyikanaungto,7729,1488,5280,388,3835,198,870
MMR013,Yangon,MMR013D003,Yangon (South),MMR013032,Cocokyun,351,143,203,2,93,15,8
MMR013,Yangon,MMR013D004,Yangon (West),MMR013033,Kyauktada,6120,1396,5734,3027,5807,2794,2410
MMR013,Yangon,MMR013D004,Yangon (West),MMR013034,Pabedan,6563,1282,5995,3195,6201,2192,2811
MMR013,Yangon,MMR013D004,Yangon (West),MMR013035,Lanmadaw,8599,2159,8108,4213,8166,4058,4115
MMR013,Yangon,MMR013D004,Yangon (West),MMR013036,Latha,4473,1211,4163,2239,4143,1720,1441
MMR013,Yangon,MMR013D004,Yangon (West),MMR013037,Ahlone,10943,7173,10229,2659,10069,4041,4436
MMR013,Yangon,MMR013D004,Yangon (West),MMR013038,Kyeemyindaing,23062,13837,18708,2958,17242,4820,7266
MMR013,Yangon,MMR013D004,Yangon (West),MMR013039,Sanchaung,20635,9940,19630,5570,19611,9029,8668
MMR013,Yangon,MMR013D004,Yangon (West),MMR013040,Hlaing,32837,17926,30292,5892,29369,9641,17671
MMR013,Yangon,MMR013D004,Yangon (West),MMR013041,Kamaryut,16299,6304,14942,4029,15536,7220,9591
MMR013,Yangon,MMR013D004,Yangon (West),MMR013042,Mayangone,38807,10936,35007,6026,32722,8991,12528
MMR013,Yangon,MMR013D004,Yangon (West),MMR013043,Dagon,4608,1506,4438,1779,4397,2200,2757
MMR013,Yangon,MMR013D004,Yangon (West),MMR013044,Bahan,17426,5201,16412,4628,16326,6307,8071
MMR013,Yangon,MMR013D004,Yangon (West),MMR013045,Seikkan,410,59,350,14,380,53,129
MMR222,Shan,MMR014D001,Taunggyi,MMR014001,Taunggyi,94869,32301,68277,6981,50760,6796,9960
MMR222,Shan,MMR014D001,Taunggyi,MMR014002,Nyaungshwe,42634,13801,23640,810,14973,669,1604
MMR222,Shan,MMR014D001,Taunggyi,MMR014003,Hopong,24728,5083,11272,799,5192,358,631
MMR222,Shan,MMR014D001,Taunggyi,MMR014004,Hsihseng,32771,8087,16568,1042,4755,325,580
MMR222,Shan,MMR014D001,Taunggyi,MMR014005,Kalaw,41341,11607,25285,1739,16900,1225,1741
MMR222,Shan,MMR014D001,Taunggyi,MMR014006,Pindaya,17544,7324,8862,348,2849,226,136
MMR222,Shan,MMR014D001,Taunggyi,MMR014007,Ywangan,18348,8890,4781,219,2207,81,152
MMR222,Shan,MMR014D001,Taunggyi,MMR014008,Lawksawk,34107,13093,20674,901,9771,613,650
MMR222,Shan,MMR014D001,Taunggyi,MMR014009,Pinlaung,42083,8029,22096,979,9832,520,1416
MMR222,Shan,MMR014D001,Taunggyi,MMR014010,Pekon,20084,6399,10762,800,4315,381,316
MMR222,Shan,MMR014D002,Loilen,MMR014011,Loilen,25417,3358,14455,591,6893,724,1529
MMR222,Shan,MMR014D002,Loilen,MMR014012,Laihka,8790,1348,5191,576,2298,244,165
MMR222,Shan,MMR014D002,Loilen,MMR014013,Nansang,23227,4644,13486,830,7699,741,1047
MMR222,Shan,MMR014D002,Loilen,MMR014014,Kunhing,11137,1866,5216,461,3180,277,515
MMR222,Shan,MMR014D002,Loilen,MMR014015,Kyethi,14712,3387,5918,354,1033,165,53
MMR222,Shan,MMR014D002,Loilen,MMR014016,Mongkaing,16332,2560,1895,98,829,137,28
MMR222,Shan,MMR014D002,Loilen,MMR014017,Monghsu,15867,3805,7211,160,3482,206,525
MMR222,Shan,MMR014D003,Langkho,MMR014018,Langkho,9548,2480,5478,663,3401,294,449
MMR222,Shan,MMR014D003,Langkho,MMR014019,Mongnai,8485,1540,4819,56,1821,278,264
MMR222,Shan,MMR014D003,Langkho,MMR014020,Mawkmai,7194,701,1687,20,262,56,10
MMR222,Shan,MMR014D003,Langkho,MMR014021,Mongpan,5421,1240,2804,117,2373,252,180
MMR222,Shan,MMR015D001,Lashio,MMR015001,Lashio,64932,15307,44205,4330,30118,3910,6087
MMR222,Shan,MMR015D001,Lashio,MMR015002,Hseni,11779,3031,7407,528,5087,232,524
MMR222,Shan,MMR015D001,Lashio,MMR015003,Mongyai,13328,2245,4855,271,1801,125,189
MMR222,Shan,MMR015D001,Lashio,MMR015004,Tangyan,35142,7867,15929,794,3698,424,471
MMR222,Shan,MMR015D002,Muse,MMR015009,Muse,32758,4919,25895,4056,23105,2238,2227
MMR222,Shan,MMR015D002,Muse,MMR015010,Namhkan,21417,2891,13997,1966,12775,646,539
MMR222,Shan,MMR015D002,Muse,MMR015011,Kutkai,32080,6759,14876,2296,6752,492,797
MMR222,Shan,MMR015D003,Kyaukme,MMR015012,Kyaukme,38256,8020,20530,1246,11234,911,941
MMR222,Shan,MMR015D003,Kyaukme,MMR015013,Nawnghkio,32224,11257,17657,1239,10409,508,1216
MMR222,Shan,MMR015D003,Kyaukme,MMR015014,Hsipaw,37906,7510,18038,1225,10200,553,592
MMR222,Shan,MMR015D003,Kyaukme,MMR015015,Namtu,11641,2794,7341,410,1223,232,56
MMR222,Shan,MMR015D003,Kyaukme,MMR015016,Namhsan,13685,3159,5344,316,1338,123,23
MMR222,Shan,MMR015D003,Kyaukme,MMR015017,Mongmit,13652,3907,7565,482,3559,166,321
MMR222,Shan,MMR015D003,Kyaukme,MMR015018,Mabein,8632,3880,6117,628,3389,142,165
MMR222,Shan,MMR015D003,Kyaukme,MMR015019,Manton,7683,1493,1447,62,421,28,8
MMR222,Shan,MMR015D004,Kunlong,MMR015020,Kunlong,10392,1267,6129,1886,2469,216,93
MMR222,Shan,MMR015D005,Laukkaing,MMR015022,Laukkaing,15181,792,11704,2028,10775,572,431
MMR222,Shan,MMR015D005,Laukkaing,MMR015023,Konkyan,9665,148,3473,1007,4681,77,73
MMR222,Shan,MMR015D006,Hopang,MMR015021,Hopang,11216,1432,6228,1059,5078,252,229
MMR222,Shan,MMR015D006,Hopang,MMR015008,Mongmao,10445,1254,5355,893,4439,118,73
MMR222,Shan,MMR015D006,Hopang,MMR015007,Pangwaun,13969,1065,5123,405,7238,84,58
MMR222,Shan,MMR015D007,Matman,MMR015024,Matman,3318,810,728,28,150,20,15
MMR222,Shan,MMR015D007,Matman,MMR015005,Pangsang,16457,1598,7980,1012,7158,825,887
MMR222,Shan,MMR015D007,Matman,MMR015006,Narphan,16474,1240,3461,695,5029,54,38
MMR222,Shan,MMR016D001,Kengtung,MMR016001,Kengtung,34096,9121,21746,2155,16616,1621,2581
MMR222,Shan,MMR016D001,Kengtung,MMR016002,Mongkhet,8025,637,2515,233,920,55,26
MMR222,Shan,MMR016D001,Kengtung,MMR016003,Mongyang,19404,1401,10699,1505,10105,249,271
MMR222,Shan,MMR016D001,Kengtung,MMR016005,Mongla,5208,428,3506,453,2891,326,590
MMR222,Shan,MMR016D002,Monghsat,MMR016006,Monghsat,19111,2279,8141,594,3320,377,368
MMR222,Shan,MMR016D002,Monghsat,MMR016007,Mongping,13299,2112,4238,277,2199,149,149
MMR222,Shan,MMR016D002,Monghsat,MMR016008,Mongton,12521,1634,4252,389,2171,173,260
MMR222,Shan,MMR016D003,Tachileik,MMR016009,Tachileik,37673,13779,27229,2210,25555,2999,2758
MMR222,Shan,MMR016D004,Monghpyak,MMR016010,Monghpyak,6165,2497,3103,262,2354,155,299
MMR222,Shan,MMR016D004,Monghpyak,MMR016011,Mongyawng,17196,2421,11637,1571,9576,237,309
MMR017,Ayeyarwady,MMR017D001,Pathein,MMR017002,Kangyidaunt,42966,16291,19824,1328,9243,341,859
MMR017,Ayeyarwady,MMR017D001,Pathein,MMR017007,Kyaunggon,41402,15627,17553,1107,8007,236,140
MMR017,Ayeyarwady,MMR017D001,Pathein,MMR017005,Kyonpyaw,59488,24532,24094,3357,8099,436,419
MMR017,Ayeyarwady,MMR017D001,Pathein,MMR017004,Ngapudaw,76652,34642,25658,2939,8621,539,744
MMR017,Ayeyarwady,MMR017D001,Pathein,MMR017001,Pathein,85687,29087,46690,4229,36073,3099,7236
MMR017,Ayeyarwady,MMR017D001,Pathein,MMR017006,Yegyi,50715,20754,21026,3035,11242,822,1405
MMR017,Ayeyarwady,MMR017D001,Pathein,MMR017003,Thabaung,37237,15034,13962,807,6634,156,66
MMR017,Ayeyarwady,MMR017D006,Pyapon,MMR017025,Kyaiklat,43748,18654,18460,2617,7105,330,591
MMR017,Ayeyarwady,MMR017D006,Pyapon,MMR017026,Dedaye,48610,22000,16700,2609,9507,315,623
MMR017,Ayeyarwady,MMR017D006,Pyapon,MMR017023,Pyapon,69416,25476,24042,3214,15499,723,1982
MMR017,Ayeyarwady,MMR017D006,Pyapon,MMR017024,Bogale,75987,28824,23541,3395,13022,796,1616
MMR017,Ayeyarwady,MMR017D005,Maubin,MMR017021,Nyaungdon,51201,20706,24207,2019,13628,433,1533
MMR017,Ayeyarwady,MMR017D005,Maubin,MMR017022,Danubyu,44797,20123,17582,1856,8118,312,976
MMR017,Ayeyarwady,MMR017D005,Maubin,MMR017020,Pantanaw,60277,30491,23795,4185,9242,819,1100
MMR017,Ayeyarwady,MMR017D005,Maubin,MMR017019,Maubin,71804,32526,30828,3761,13837,790,1781
MMR017,Ayeyarwady,MMR017D003,Myaungmya,MMR017014,Myaungmya,66172,25159,31392,2949,12187,768,1975
MMR017,Ayeyarwady,MMR017D003,Myaungmya,MMR017017,Wakema,67448,31750,26500,2647,11395,415,863
MMR017,Ayeyarwady,MMR017D003,Myaungmya,MMR017015,Einme,46455,20976,20259,2252,6996,333,727
MMR017,Ayeyarwady,MMR017D004,Labutta,MMR017018,Mawlamyinegyun,74886,32829,24207,4604,10923,662,892
MMR017,Ayeyarwady,MMR017D004,Labutta,MMR017016,Labutta,75583,28296,22463,3271,9417,546,812
MMR017,Ayeyarwady,MMR017D002,Hinthada,MMR017012,Kyangin,26857,13488,12581,1375,5253,402,259
MMR017,Ayeyarwady,MMR017D002,Hinthada,MMR017009,Zalun,42073,17700,15633,1912,8263,293,873
MMR017,Ayeyarwady,MMR017D002,Hinthada,MMR017011,Myanaung,59920,26172,22917,2003,9345,472,1456
MMR017,Ayeyarwady,MMR017D002,Hinthada,MMR017010,Lemyethna,26244,11203,8726,724,3737,121,281
MMR017,Ayeyarwady,MMR017D002,Hinthada,MMR017008,Hinthada,86129,30997,36954,3545,20238,1245,1073
MMR017,Ayeyarwady,MMR017D002,Hinthada,MMR017013,Ingapu,57229,23571,18767,2407,10201,456,1159
MMR018,Nay Pyi Taw,MMR018D001,Nay Pyi Taw (North),MMR018003,Tatkon,51747,22626,19819,1280,18168,809,2581
MMR018,Nay Pyi Taw,MMR018D001,Nay Pyi Taw (North),MMR018001,Zay Yar Thi Ri,26075,8595,16718,778,14192,2270,2502
MMR018,Nay Pyi Taw,MMR018D001,Nay Pyi Taw (North),MMR018008,Oke Ta Ra Thi Ri,18661,7943,8299,438,7562,522,1529
MMR018,Nay Pyi Taw,MMR018D001,Nay Pyi Taw (North),MMR018005,Poke Ba Thi Ri,27616,8923,14434,593,14113,1339,1260
MMR018,Nay Pyi Taw,MMR018D002,Nay Pyi Taw (South),MMR018006,Pyinmana,39663,12503,24138,2896,19120,1867,3753
MMR018,Nay Pyi Taw,MMR018D002,Nay Pyi Taw (South),MMR018007,Lewe,65174,29022,25002,2111,20475,857,1640
MMR018,Nay Pyi Taw,MMR018D002,Nay Pyi Taw (South),MMR018002,Za Bu Thi Ri,26320,7814,21345,1839,21796,6210,9496
MMR018,Nay Pyi Taw,MMR018D002,Nay Pyi Taw (South),MMR018004,Det Khi Na Thi Ri,6997,2948,2703,134,2869,156,202
