pcode_st,name_st,pcode_dt,name_dt,pcode_ts,name_ts,trans_t,trans_car,trans_mcyc,trans_bicyc,trans_4wheel,trans_canoe,trans_mboat,trans_cart
MMR001,Kachin,MMR001D001,Myitkyina,MMR001001,Myitkyina,52591,3180,40715,23313,1057,1218,667,6994
MMR001,Kachin,MMR001D001,Myitkyina,MMR001002,Waingmaw,22860,545,14414,6696,632,337,236,6171
MMR001,Kachin,MMR001D001,Myitkyina,MMR001003,Injangyang,285,1,105,3,1,3,4,74
MMR001,Kachin,MMR001D001,Myitkyina,MMR001004,Tanai,8528,147,5309,2397,132,318,595,1686
MMR001,Kachin,MMR001D001,Myitkyina,MMR001005,Chipwi,3306,225,1737,49,53,3,2,131
MMR001,Kachin,MMR001D001,Myitkyina,MMR001006,Tsawlaw,1073,5,494,11,7,0,0,481
MMR001,Kachin,MMR001D002,Mohnyin,MMR001007,Mohnyin,39622,984,28691,23027,2797,625,357,15459
MMR001,Kachin,MMR001D002,Mohnyin,MMR001008,Mogaung,24898,618,16992,14340,1454,416,206,9985
MMR001,Kachin,MMR001D002,Mohnyin,MMR001009,Hpakant,36632,2450,27472,2510,560,268,199,3427
MMR001,Kachin,MMR001D003,Bhamo,MMR001010,Bhamo,24161,1052,18593,9234,2630,3529,2265,5974
MMR001,Kachin,MMR001D003,Bhamo,MMR001011,Shwegu,16621,457,12040,5641,685,3511,1520,7429
MMR001,Kachin,MMR001D003,Bhamo,MMR001012,Momauk,12370,508,8647,3320,2673,559,125,3071
MMR001,Kachin,MMR001D003,Bhamo,MMR001013,Mansi,10554,644,8661,2828,2004,68,29,2580
MMR001,Kachin,MMR001D004,Puta-O,MMR001014,Puta-O,10743,70,4135,1313,41,69,22,5123
MMR001,Kachin,MMR001D004,Puta-O,MMR001015,Sumprabum,479,3,215,43,15,1,1,233
MMR001,Kachin,MMR001D004,Puta-O,MMR001016,Machanbaw,1719,7,505,107,6,31,13,1005
MMR001,Kachin,MMR001D004,Puta-O,MMR001018,Khaunglanhpu,1711,12,12,15,11,11,11,444
MMR001,Kachin,MMR001D004,Puta-O,MMR001017,Nawngmun,1212,3,222,6,1,10,0,671
MMR002,Kayah,MMR002D001,Loikaw,MMR002001,Loikaw,26495,1375,18056,11166,2458,141,35,3323
MMR002,Kayah,MMR002D001,Loikaw,MMR002002,Demoso,15347,311,10148,5594,2076,88,25,3611
MMR002,Kayah,MMR002D001,Loikaw,MMR002003,Hpruso,5910,23,2074,491,471,2,1,1047
MMR002,Kayah,MMR002D001,Loikaw,MMR002004,Shadaw,1406,14,300,73,19,1,1,143
MMR002,Kayah,MMR002D002,Bawlake,MMR002005,Bawlakhe,2081,43,1122,393,70,24,12,476
MMR002,Kayah,MMR002D002,Bawlake,MMR002006,Hpasawng,4733,115,2002,194,48,53,70,192
MMR002,Kayah,MMR002D002,Bawlake,MMR002007,Mese,1302,25,721,96,87,,,32
MMR003,Kayin,MMR003D001,Hpa-An,MMR003001,Hpa-An,89197,4281,39382,42304,4331,3935,2966,11963
MMR003,Kayin,MMR003D001,Hpa-An,MMR003002,Hlaingbwe,53120,1553,18466,16160,3128,1274,1308,7801
MMR003,Kayin,MMR003D001,Hpa-An,MMR003004,Thandaunggyi,19140,216,7386,634,38,2,1,650
MMR003,Kayin,MMR003D004,Hpapun,MMR003003,Hpapun,6502,187,1777,2626,44,88,154,848
MMR003,Kayin,MMR003D002,Myawaddy,MMR003005,Myawaddy,44016,3379,17134,12437,2974,55,173,2125
MMR003,Kayin,MMR003D003,Kawkareik,MMR003006,Kawkareik,45498,1238,21214,19715,4664,2040,1897,10818
MMR003,Kayin,MMR003D003,Kawkareik,MMR003007,Kyainseikgyi,50568,1597,22581,14642,2883,1322,591,9176
MMR004,Chin,MMR004D003,Hakha,MMR004002,Hakha,9917,148,4459,223,41,5,9,1369
MMR004,Chin,MMR004D003,Hakha,MMR004003,Thantlang,9782,82,2848,131,60,32,32,1716
MMR004,Chin,MMR004D001,Falam,MMR004001,Falam,9626,76,4895,452,24,11,12,314
MMR004,Chin,MMR004D001,Falam,MMR004004,Tedim,14683,222,5306,1477,74,29,61,783
MMR004,Chin,MMR004D001,Falam,MMR004005,Tonzang,4941,30,1484,192,6,1,2,200
MMR004,Chin,MMR004D002,Mindat,MMR004006,Mindat,8522,76,2384,130,11,0,2,773
MMR004,Chin,MMR004D002,Mindat,MMR004007,Matupi,10157,51,3030,153,29,7,10,1650
MMR004,Chin,MMR004D002,Mindat,MMR004008,Kanpetlet,3977,33,1032,22,4,3,0,266
MMR004,Chin,MMR004D002,Mindat,MMR004009,Paletwa,19516,15,155,303,17,523,1100,511
MMR005,Sagaing,MMR005D001,Sagaing,MMR005001,Sagaing,65143,1931,38939,25547,801,2038,727,20525
MMR005,Sagaing,MMR005D001,Sagaing,MMR005002,Myinmu,25304,371,13063,11826,458,386,85,12615
MMR005,Sagaing,MMR005D001,Sagaing,MMR005003,Myaung,24262,178,11053,14614,324,2144,603,10634
MMR005,Sagaing,MMR005D002,Shwebo,MMR005004,Shwebo,57297,1301,33432,29565,2273,369,422,13498
MMR005,Sagaing,MMR005D002,Shwebo,MMR005005,Khin-U,32624,282,16308,10814,555,96,203,15144
MMR005,Sagaing,MMR005D002,Shwebo,MMR005006,Wetlet,46712,436,22910,18106,809,418,406,21105
MMR005,Sagaing,MMR005D002,Shwebo,MMR005007,Kanbalu,61326,570,31029,13549,554,232,240,34935
MMR005,Sagaing,MMR005D002,Shwebo,MMR005008,Kyunhla,20863,274,12897,4615,161,790,282,12127
MMR005,Sagaing,MMR005D002,Shwebo,MMR005009,Ye-U,26373,361,16672,13534,352,30,10,11209
MMR005,Sagaing,MMR005D002,Shwebo,MMR005010,Tabayin,30345,277,16731,12130,366,20,14,14275
MMR005,Sagaing,MMR005D002,Shwebo,MMR005011,Taze,35937,469,22192,18033,370,114,33,19541
MMR005,Sagaing,MMR005D003,Monywa,MMR005012,Monywa,75962,4040,55632,47603,1621,956,393,10711
MMR005,Sagaing,MMR005D003,Monywa,MMR005013,Budalin,28616,239,14541,14540,238,116,151,14342
MMR005,Sagaing,MMR005D003,Monywa,MMR005014,Ayadaw,35591,336,21652,15352,462,58,60,14520
MMR005,Sagaing,MMR005D003,Monywa,MMR005015,Chaung-U,23376,399,14577,16422,771,337,70,8465
MMR005,Sagaing,MMR005D004,Katha,MMR005020,Katha,31961,523,20126,10949,923,6474,3001,15038
MMR005,Sagaing,MMR005D004,Katha,MMR005021,Indaw,23230,242,15638,9408,574,511,69,14318
MMR005,Sagaing,MMR005D004,Katha,MMR005022,Tigyaing,26389,561,15808,7287,644,4398,1484,14173
MMR005,Sagaing,MMR005D004,Katha,MMR005023,Banmauk,18868,290,12017,2462,220,28,102,10824
MMR005,Sagaing,MMR005D004,Katha,MMR005024,Kawlin,31403,672,22014,13392,849,485,197,15063
MMR005,Sagaing,MMR005D004,Katha,MMR005025,Wuntho,14205,153,9774,5950,268,5,5,6869
MMR005,Sagaing,MMR005D004,Katha,MMR005026,Pinlebu,21900,255,11675,4420,381,13,65,13963
MMR005,Sagaing,MMR005D005,Kale,MMR005027,Kale,72769,1564,42656,43172,1018,885,176,20221
MMR005,Sagaing,MMR005D005,Kale,MMR005028,Kalewa,11735,151,4380,1929,68,1854,577,5314
MMR005,Sagaing,MMR005D005,Kale,MMR005029,Mingin,22058,62,7434,3646,102,1991,925,14977
MMR005,Sagaing,MMR005D006,Tamu,MMR005030,Tamu,22591,443,12613,10155,274,276,42,6818
MMR005,Sagaing,MMR005D007,Mawlaik,MMR005031,Mawlaik,10345,66,3960,2365,82,1642,819,5671
MMR005,Sagaing,MMR005D007,Mawlaik,MMR005032,Paungbyin,20246,136,8546,5049,1181,2944,852,12764
MMR005,Sagaing,MMR005D008,Hkamti,MMR005033,Hkamti,7361,88,2450,798,44,784,1177,637
MMR005,Sagaing,MMR005D008,Hkamti,MMR005034,Homalin,35743,534,19382,5671,1702,6290,2452,15117
MMR005,Sagaing,MMR005D008,Hkamti,MMR005035,Lay Shi,1966,10,360,25,5,48,33,209
MMR005,Sagaing,MMR005D008,Hkamti,MMR005036,Lahe,8932,24,814,25,7,1,13,1096
MMR005,Sagaing,MMR005D008,Hkamti,MMR005037,Nanyun,7840,13,366,21,17,11,57,580
MMR005,Sagaing,MMR005D009,Yinmabin,MMR005016,Yinmabin,29532,333,16071,14455,496,332,118,13573
MMR005,Sagaing,MMR005D009,Yinmabin,MMR005018,Salingyi,26467,406,15796,17794,327,632,295,7809
MMR005,Sagaing,MMR005D009,Yinmabin,MMR005019,Pale,32362,303,14436,11315,245,82,23,17870
MMR005,Sagaing,MMR005D009,Yinmabin,MMR005017,Kani,29223,268,14240,7995,171,1066,452,16472
MMR006,Tanintharyi,MMR006D001,Dawei,MMR006001,Dawei,29133,1427,17905,13176,748,413,464,1860
MMR006,Tanintharyi,MMR006D001,Dawei,MMR006002,Launglon,25735,456,13810,9590,1448,195,1440,1016
MMR006,Tanintharyi,MMR006D001,Dawei,MMR006003,Thayetchaung,22874,322,11255,5715,893,386,822,1081
MMR006,Tanintharyi,MMR006D001,Dawei,MMR006004,Yebyu,26350,402,13185,5160,628,238,936,1975
MMR006,Tanintharyi,MMR006D002,Myeik,MMR006005,Myeik,54349,1346,23374,6837,704,1222,2224,1439
MMR006,Tanintharyi,MMR006D002,Myeik,MMR006006,Kyunsu,32988,56,4116,2077,158,2518,8188,743
MMR006,Tanintharyi,MMR006D002,Myeik,MMR006007,Palaw,25653,198,10061,4713,775,660,1987,1919
MMR006,Tanintharyi,MMR006D002,Myeik,MMR006008,Tanintharyi,19929,127,7475,2269,162,1257,1343,1999
MMR006,Tanintharyi,MMR006D003,Kawthoung,MMR006009,Kawthoung,30346,446,13502,3678,155,990,2059,493
MMR006,Tanintharyi,MMR006D003,Kawthoung,MMR006010,Bokpyin,15742,81,3641,1668,38,1131,3050,493
MMR111,Bago,MMR007D001,Bago,MMR007001,Bago,107132,2928,40126,49570,952,1978,536,11571
MMR111,Bago,MMR007D001,Bago,MMR007002,Thanatpin,32527,191,7772,11385,890,4672,2888,6959
MMR111,Bago,MMR007D001,Bago,MMR007003,Kawa,46075,211,11799,16691,1843,3337,2905,11815
MMR111,Bago,MMR007D001,Bago,MMR007004,Waw,37083,296,9085,16563,1606,3945,1689,10597
MMR111,Bago,MMR007D001,Bago,MMR007005,Nyaunglebin,44762,388,14797,25025,1830,2322,738,8981
MMR111,Bago,MMR007D001,Bago,MMR007006,Kyauktaga,51648,419,17236,31353,1921,460,133,15744
MMR111,Bago,MMR007D001,Bago,MMR007007,Daik-U,45753,513,13058,22782,1110,2905,1237,11810
MMR111,Bago,MMR007D001,Bago,MMR007008,Shwegyin,21782,203,8198,5804,361,2014,657,4879
MMR111,Bago,MMR007D002,Taungoo,MMR007009,Taungoo,57460,1436,26762,29406,838,344,116,10495
MMR111,Bago,MMR007D002,Taungoo,MMR007010,Yedashe,50527,690,17629,15957,465,320,100,13420
MMR111,Bago,MMR007D002,Taungoo,MMR007011,Kyaukkyi,22883,136,7734,11345,332,957,60,8508
MMR111,Bago,MMR007D002,Taungoo,MMR007012,Phyu,54931,566,18530,31482,1224,840,230,18810
MMR111,Bago,MMR007D002,Taungoo,MMR007013,Oktwin,36870,295,12871,15078,622,319,201,11928
MMR111,Bago,MMR007D002,Taungoo,MMR007014,Htantabin,26781,188,9502,13049,444,251,73,9955
MMR111,Bago,MMR008D001,Pyay,MMR008001,Pyay,58557,1725,26631,32593,598,212,78,10789
MMR111,Bago,MMR008D001,Pyay,MMR008002,Paukkhaung,32347,413,10454,7758,239,1012,158,12717
MMR111,Bago,MMR008D001,Pyay,MMR008003,Padaung,38892,458,14729,17917,446,887,296,11390
MMR111,Bago,MMR008D001,Pyay,MMR008004,Paungde,36700,285,12692,20153,404,428,135,11781
MMR111,Bago,MMR008D001,Pyay,MMR008005,Thegon,35950,220,13950,22914,454,1073,64,10943
MMR111,Bago,MMR008D001,Pyay,MMR008006,Shwedaung,33564,290,11391,18133,323,1209,209,10635
MMR111,Bago,MMR008D002,Thayarwady,MMR008007,Thayarwady,36626,336,10389,20389,743,2582,394,11630
MMR111,Bago,MMR008D002,Thayarwady,MMR008008,Letpadan,43484,266,11198,23045,928,2784,401,13491
MMR111,Bago,MMR008D002,Thayarwady,MMR008009,Minhla,30894,202,10274,17334,514,1028,49,11021
MMR111,Bago,MMR008D002,Thayarwady,MMR008010,Okpho,31894,188,10344,18272,515,505,60,12409
MMR111,Bago,MMR008D002,Thayarwady,MMR008011,Zigon,18210,153,6854,12018,272,70,13,5363
MMR111,Bago,MMR008D002,Thayarwady,MMR008012,Nattalin,45769,274,18016,26541,627,983,173,15273
MMR111,Bago,MMR008D002,Thayarwady,MMR008013,Monyo,33287,92,8510,18122,298,6151,496,11667
MMR111,Bago,MMR008D002,Thayarwady,MMR008014,Gyobingauk,30586,281,11628,19890,470,394,48,10502
MMR009,Magway,MMR009D001,Magway,MMR009001,Magway,68677,1777,29508,15913,549,231,244,21837
MMR009,Magway,MMR009D001,Magway,MMR009002,Yenangyaung,32500,459,9507,2288,194,525,261,9281
MMR009,Magway,MMR009D001,Magway,MMR009003,Chauk,44618,708,15813,6360,240,380,331,13921
MMR009,Magway,MMR009D001,Magway,MMR009004,Taungdwingyi,60263,500,18246,20338,361,30,16,28270
MMR009,Magway,MMR009D001,Magway,MMR009005,Myothit,36948,181,8279,7903,188,69,10,20325
MMR009,Magway,MMR009D001,Magway,MMR009006,Natmauk,48426,339,13215,8048,277,37,17,28365
MMR009,Magway,MMR009D002,Minbu,MMR009007,Minbu,43817,784,19925,15037,575,273,158,13330
MMR009,Magway,MMR009D002,Minbu,MMR009008,Pwintbyu,39764,443,16032,22422,1058,496,185,13768
MMR009,Magway,MMR009D002,Minbu,MMR009009,Ngape,12457,146,6059,4480,125,12,21,4961
MMR009,Magway,MMR009D002,Minbu,MMR009010,Salin,55605,407,19134,26050,1037,1056,228,24503
MMR009,Magway,MMR009D002,Minbu,MMR009011,Sidoktaya,10780,68,2581,1175,18,350,173,4620
MMR009,Magway,MMR009D003,Thayet,MMR009012,Thayet,25972,240,8747,7035,99,232,223,12614
MMR009,Magway,MMR009D003,Thayet,MMR009013,Minhla,31622,762,15903,4793,172,104,78,14849
MMR009,Magway,MMR009D003,Thayet,MMR009014,Mindon,16809,100,5585,2553,70,36,53,9191
MMR009,Magway,MMR009D003,Thayet,MMR009015,Kamma,19143,131,6254,5485,152,294,130,10270
MMR009,Magway,MMR009D003,Thayet,MMR009016,Aunglan,57609,786,16947,14772,458,287,253,25273
MMR009,Magway,MMR009D003,Thayet,MMR009017,Sinbaungwe,28684,213,6706,3410,93,211,259,15775
MMR009,Magway,MMR009D004,Pakokku,MMR009018,Pakokku,66340,1729,34847,35593,576,3102,618,11950
MMR009,Magway,MMR009D004,Pakokku,MMR009019,Yesagyo,47332,373,23102,29103,551,4346,723,17497
MMR009,Magway,MMR009D004,Pakokku,MMR009020,Myaing,53641,865,29536,26983,323,18,17,21894
MMR009,Magway,MMR009D004,Pakokku,MMR009021,Pauk,38965,557,15674,7704,113,13,39,17213
MMR009,Magway,MMR009D004,Pakokku,MMR009022,Seikphyu,23427,276,7936,3510,134,96,63,10434
MMR009,Magway,MMR009D005,Gangaw,MMR009023,Gangaw,29912,493,15980,8822,462,102,80,15524
MMR009,Magway,MMR009D005,Gangaw,MMR009024,Tilin,10532,96,4761,1191,61,1,2,6949
MMR009,Magway,MMR009D005,Gangaw,MMR009025,Saw,15934,191,6683,1680,103,6,14,7650
MMR010,Mandalay,MMR010D001,Mandalay,MMR010001,Aungmyaythazan,49731,6444,38404,27864,392,32,54,182
MMR010,Mandalay,MMR010D001,Mandalay,MMR010002,Chanayethazan,33281,6800,26954,15008,166,13,27,47
MMR010,Mandalay,MMR010D001,Mandalay,MMR010003,Mahaaungmyay,41927,6811,33346,18189,252,19,43,51
MMR010,Mandalay,MMR010D001,Mandalay,MMR010004,Chanmyathazi,53047,6520,41942,27566,432,60,60,324
MMR010,Mandalay,MMR010D001,Mandalay,MMR010005,Pyigyitagon,43875,4024,33243,21748,505,21,20,257
MMR010,Mandalay,MMR010D001,Mandalay,MMR010006,Amarapura,49626,2905,33945,25806,1511,1955,111,4208
MMR010,Mandalay,MMR010D001,Mandalay,MMR010007,Patheingyi,52990,2270,36322,26629,1499,2394,700,6581
MMR010,Mandalay,MMR010D002,Pyinoolwin,MMR010008,Pyinoolwin,53382,4388,40241,16574,1643,23,25,5758
MMR010,Mandalay,MMR010D002,Pyinoolwin,MMR010009,Madaya,58645,957,28699,24582,2136,6502,1588,17658
MMR010,Mandalay,MMR010D002,Pyinoolwin,MMR010010,Singu,34533,523,16465,8457,667,3289,1528,12736
MMR010,Mandalay,MMR010D002,Pyinoolwin,MMR010011,Mogoke,35247,1418,24334,5815,294,5,3,1712
MMR010,Mandalay,MMR010D002,Pyinoolwin,MMR010012,Thabeikkyin,33141,570,16630,3599,524,903,1126,10326
MMR010,Mandalay,MMR010D003,Kyaukse,MMR010013,Kyaukse,57765,1367,33610,26688,1237,90,67,15689
MMR010,Mandalay,MMR010D003,Kyaukse,MMR010014,Sintgaing,33579,937,22571,17767,756,464,48,10184
MMR010,Mandalay,MMR010D003,Kyaukse,MMR010015,Myittha,46017,800,23851,23327,1216,69,31,15605
MMR010,Mandalay,MMR010D003,Kyaukse,MMR010016,Tada-U,32627,642,20085,14275,592,791,117,16119
MMR010,Mandalay,MMR010D004,Myingyan,MMR010017,Myingyan,62340,1181,34215,33089,1449,1914,466,18287
MMR010,Mandalay,MMR010D004,Myingyan,MMR010018,Taungtha,49852,548,21780,16583,569,271,158,20700
MMR010,Mandalay,MMR010D004,Myingyan,MMR010019,Natogyi,40965,551,22398,16024,553,112,15,20479
MMR010,Mandalay,MMR010D004,Myingyan,MMR010020,Kyaukpadaung,61961,1081,24958,11025,575,246,16,24730
MMR010,Mandalay,MMR010D004,Myingyan,MMR010021,Ngazun,27838,249,15221,11283,287,841,279,15470
MMR010,Mandalay,MMR010D005,Nyaung-U,MMR010022,Nyaung-U,54473,1433,24386,11576,454,633,290,20309
MMR010,Mandalay,MMR010D006,Yamethin,MMR010023,Yamethin,57259,618,24983,20859,288,88,20,26683
MMR010,Mandalay,MMR010D006,Yamethin,MMR010024,Pyawbwe,58863,755,25010,20142,372,170,17,28537
MMR010,Mandalay,MMR010D007,Meiktila,MMR010028,Meiktila,68439,2125,36155,24442,380,374,30,20368
MMR010,Mandalay,MMR010D007,Meiktila,MMR010029,Mahlaing,33327,629,17970,13836,490,182,143,16223
MMR010,Mandalay,MMR010D007,Meiktila,MMR010030,Thazi,44892,607,22392,15814,622,322,102,17534
MMR010,Mandalay,MMR010D007,Meiktila,MMR010031,Wundwin,53569,864,29419,25137,575,62,13,23392
MMR011,Mon,MMR011D001,Mawlamyine,MMR011001,Mawlamyine,57457,3529,27397,20634,547,524,890,1039
MMR011,Mon,MMR011D001,Mawlamyine,MMR011002,Kyaikmaraw,38888,921,17045,16621,901,2112,1566,6465
MMR011,Mon,MMR011D001,Mawlamyine,MMR011003,Chaungzon,27944,271,10928,14812,752,436,737,5154
MMR011,Mon,MMR011D001,Mawlamyine,MMR011004,Thanbyuzayat,36234,1085,19909,20061,1270,235,385,1182
MMR011,Mon,MMR011D001,Mawlamyine,MMR011005,Mudon,39312,1343,23185,27499,2312,282,517,3193
MMR011,Mon,MMR011D001,Mawlamyine,MMR011006,Ye,53448,989,27981,14188,1280,316,1087,2422
MMR011,Mon,MMR011D002,Thaton,MMR011007,Thaton,48284,868,14402,31066,2660,938,845,3921
MMR011,Mon,MMR011D002,Thaton,MMR011008,Paung,43726,746,12711,22359,1732,583,1229,8294
MMR011,Mon,MMR011D002,Thaton,MMR011009,Kyaikto,38088,715,13037,18504,488,161,740,3180
MMR011,Mon,MMR011D002,Thaton,MMR011010,Bilin,39231,419,10754,22102,1525,250,370,5317
MMR012,Rakhine,MMR012D001,Sittwe,MMR012001,Sittwe,29036,544,8162,11218,181,505,400,1371
MMR012,Rakhine,MMR012D001,Sittwe,MMR012002,Ponnagyun,25335,17,768,1286,96,1304,719,2603
MMR012,Rakhine,MMR012D001,Sittwe,MMR012007,Pauktaw,30544,20,343,505,34,1649,2380,4129
MMR012,Rakhine,MMR012D001,Sittwe,MMR012008,Rathedaung,24341,24,815,1315,84,1153,696,4231
MMR012,Rakhine,MMR012D005,Mrauk-U,MMR012003,Mrauk-U,41525,119,3470,5407,338,2202,2750,5291
MMR012,Rakhine,MMR012D005,Mrauk-U,MMR012004,Kyauktaw,36495,106,3123,5374,560,688,714,7312
MMR012,Rakhine,MMR012D005,Mrauk-U,MMR012005,Minbya,36628,86,1832,2876,90,1303,1639,3453
MMR012,Rakhine,MMR012D005,Mrauk-U,MMR012006,Myebon,31339,33,1303,1664,91,2341,4490,2418
MMR012,Rakhine,MMR012D002,Maungdaw,MMR012009,Maungdaw,7896,108,1507,1427,58,44,17,553
MMR012,Rakhine,MMR012D002,Maungdaw,MMR012010,Buthidaung,11264,50,1089,1500,26,105,128,999
MMR012,Rakhine,MMR012D003,Kyaukpyu,MMR012011,Kyaukpyu,37264,211,4671,4471,306,1341,2393,6817
MMR012,Rakhine,MMR012D003,Kyaukpyu,MMR012012,Munaung,14735,76,2856,2225,143,49,462,3482
MMR012,Rakhine,MMR012D003,Kyaukpyu,MMR012013,Ramree,22418,63,2080,1736,89,648,1151,4030
MMR012,Rakhine,MMR012D003,Kyaukpyu,MMR012014,Ann,27359,155,3849,1381,130,832,1681,5458
MMR012,Rakhine,MMR012D004,Thandwe,MMR012015,Thandwe,31075,433,8522,11492,207,681,1415,8444
MMR012,Rakhine,MMR012D004,Thandwe,MMR012016,Toungup,35192,234,5788,8514,188,1671,3105,9364
MMR012,Rakhine,MMR012D004,Thandwe,MMR012017,Gwa,17326,136,4329,5982,204,664,943,4608
MMR013,Yangon,MMR013D001,Yangon (North),MMR013001,Insein,61676,5539,2792,31893,135,57,75,104
MMR013,Yangon,MMR013D001,Yangon (North),MMR013002,Mingaladon,66303,4145,11079,33829,303,174,93,464
MMR013,Yangon,MMR013D001,Yangon (North),MMR013003,Hmawbi,56469,1635,16716,31263,970,799,385,3841
MMR013,Yangon,MMR013D001,Yangon (North),MMR013004,Hlegu,58023,1759,17551,31000,812,818,659,7394
MMR013,Yangon,MMR013D001,Yangon (North),MMR013005,Taikkyi,66999,814,18447,36983,817,3064,829,13678
MMR013,Yangon,MMR013D001,Yangon (North),MMR013006,Htantabin,34211,398,6411,12086,1009,4039,1683,4515
MMR013,Yangon,MMR013D001,Yangon (North),MMR013007,Shwepyithar,73775,2776,8811,45078,462,145,158,353
MMR013,Yangon,MMR013D001,Yangon (North),MMR013008,Hlaingtharya,148711,4068,14581,73806,561,157,150,383
MMR013,Yangon,MMR013D002,Yangon (East),MMR013009,Thingangyun,43320,6765,1145,20959,23,16,10,51
MMR013,Yangon,MMR013D002,Yangon (East),MMR013010,Yankin,14637,3650,273,4852,9,1,1,15
MMR013,Yangon,MMR013D002,Yangon (East),MMR013011,South Okkalapa,32725,5541,1258,22098,44,17,10,36
MMR013,Yangon,MMR013D002,Yangon (East),MMR013012,North Okkalapa,64756,4977,5500,42232,88,20,37,142
MMR013,Yangon,MMR013D002,Yangon (East),MMR013013,Thaketa,45456,3884,1932,28462,76,31,29,75
MMR013,Yangon,MMR013D002,Yangon (East),MMR013014,Dawbon,14409,968,226,6802,19,92,73,17
MMR013,Yangon,MMR013D002,Yangon (East),MMR013015,Tamwe,35360,8064,329,4301,36,23,46,40
MMR013,Yangon,MMR013D002,Yangon (East),MMR013016,Pazundaung,10306,2664,47,511,8,6,11,10
MMR013,Yangon,MMR013D002,Yangon (East),MMR013017,Botahtaung,8397,2143,121,1288,13,11,19,13
MMR013,Yangon,MMR013D002,Yangon (East),MMR013018,Dagon Myothit (South),76984,3702,7836,50200,389,241,252,787
MMR013,Yangon,MMR013D002,Yangon (East),MMR013019,Dagon Myothit (North),42704,6360,3242,30575,62,28,37,123
MMR013,Yangon,MMR013D002,Yangon (East),MMR013020,Dagon Myothit (East),33913,1762,3552,22555,76,95,61,495
MMR013,Yangon,MMR013D002,Yangon (East),MMR013021,Dagon Myothit (Seikkan),37905,1103,4623,19304,144,149,93,604
MMR013,Yangon,MMR013D002,Yangon (East),MMR013022,Mingalartaungnyunt,25918,4602,204,2809,28,19,18,29
MMR013,Yangon,MMR013D003,Yangon (South),MMR013023,Thanlyin,61597,2140,18007,21011,1276,454,458,4900
MMR013,Yangon,MMR013D003,Yangon (South),MMR013024,Kyauktan,42469,623,12512,16011,2389,886,1512,6541
MMR013,Yangon,MMR013D003,Yangon (South),MMR013025,Thongwa,40087,528,12465,21964,3780,720,823,8715
MMR013,Yangon,MMR013D003,Yangon (South),MMR013026,Kayan,39314,468,12317,22280,2045,634,827,8558
MMR013,Yangon,MMR013D003,Yangon (South),MMR013027,Twantay,51602,534,10285,16419,973,2994,3418,3094
MMR013,Yangon,MMR013D003,Yangon (South),MMR013028,Kawhmu,29792,208,5979,9030,889,1456,1424,4249
MMR013,Yangon,MMR013D003,Yangon (South),MMR013029,Kungyangon,28352,211,6119,9637,987,907,1510,4160
MMR013,Yangon,MMR013D003,Yangon (South),MMR013030,Dala,37912,366,6726,16074,602,449,655,2349
MMR013,Yangon,MMR013D003,Yangon (South),MMR013031,Seikgyikanaungto,7729,38,641,3530,19,223,36,53
MMR013,Yangon,MMR013D003,Yangon (South),MMR013032,Cocokyun,351,2,90,182,7,,10,3
MMR013,Yangon,MMR013D004,Yangon (West),MMR013033,Kyauktada,6120,1526,26,96,6,5,4,5
MMR013,Yangon,MMR013D004,Yangon (West),MMR013034,Pabedan,6563,1539,7,67,4,3,9,4
MMR013,Yangon,MMR013D004,Yangon (West),MMR013035,Lanmadaw,8599,2789,63,397,2,3,35,4
MMR013,Yangon,MMR013D004,Yangon (West),MMR013036,Latha,4473,1273,11,90,1,2,7,5
MMR013,Yangon,MMR013D004,Yangon (West),MMR013037,Ahlone,10943,2511,142,1784,8,8,22,5
MMR013,Yangon,MMR013D004,Yangon (West),MMR013038,Kyeemyindaing,23062,2954,872,3622,23,602,115,190
MMR013,Yangon,MMR013D004,Yangon (West),MMR013039,Sanchaung,20635,5244,142,1872,18,9,20,28
MMR013,Yangon,MMR013D004,Yangon (West),MMR013040,Hlaing,32837,5904,709,11602,93,78,102,88
MMR013,Yangon,MMR013D004,Yangon (West),MMR013041,Kamaryut,16299,4216,200,2744,18,7,23,24
MMR013,Yangon,MMR013D004,Yangon (West),MMR013042,Mayangone,38807,6664,1556,16579,62,15,30,52
MMR013,Yangon,MMR013D004,Yangon (West),MMR013043,Dagon,4608,1635,65,920,7,3,9,4
MMR013,Yangon,MMR013D004,Yangon (West),MMR013044,Bahan,17426,4426,209,2484,12,4,12,14
MMR013,Yangon,MMR013D004,Yangon (West),MMR013045,Seikkan,410,31,9,147,,,,1
MMR222,Shan,MMR014D001,Taunggyi,MMR014001,Taunggyi,94869,7529,60795,11239,3876,334,195,6392
MMR222,Shan,MMR014D001,Taunggyi,MMR014002,Nyaungshwe,42634,695,17052,8239,1373,15499,5341,3945
MMR222,Shan,MMR014D001,Taunggyi,MMR014003,Hopong,24728,545,14329,2016,1130,120,39,2221
MMR222,Shan,MMR014D001,Taunggyi,MMR014004,Hsihseng,32771,701,18774,2624,2775,414,273,8501
MMR222,Shan,MMR014D001,Taunggyi,MMR014005,Kalaw,41341,1200,23288,5279,1823,16,19,10294
MMR222,Shan,MMR014D001,Taunggyi,MMR014006,Pindaya,17544,253,8848,4024,780,3,2,5894
MMR222,Shan,MMR014D001,Taunggyi,MMR014007,Ywangan,18348,216,8420,1396,463,4,4,5363
MMR222,Shan,MMR014D001,Taunggyi,MMR014008,Lawksawk,34107,842,20573,4954,1717,27,19,8375
MMR222,Shan,MMR014D001,Taunggyi,MMR014009,Pinlaung,42083,1078,26933,3254,1936,210,123,6724
MMR222,Shan,MMR014D001,Taunggyi,MMR014010,Pekon,20084,565,13669,4281,2514,608,151,1398
MMR222,Shan,MMR014D002,Loilen,MMR014011,Loilen,25417,784,19004,1262,887,2,0,1372
MMR222,Shan,MMR014D002,Loilen,MMR014012,Laihka,8790,387,7002,1684,2669,23,2,2230
MMR222,Shan,MMR014D002,Loilen,MMR014013,Nansang,23227,1245,16797,1801,4419,32,11,3979
MMR222,Shan,MMR014D002,Loilen,MMR014014,Kunhing,11137,437,7608,1770,894,159,19,3744
MMR222,Shan,MMR014D002,Loilen,MMR014015,Kyethi,14712,435,10067,1127,1575,8,11,4936
MMR222,Shan,MMR014D002,Loilen,MMR014016,Mongkaing,16332,413,8895,995,1343,6,3,5058
MMR222,Shan,MMR014D002,Loilen,MMR014017,Monghsu,15867,312,8767,1013,531,17,6,2942
MMR222,Shan,MMR014D003,Langkho,MMR014018,Langkho,9548,313,6788,2799,1244,574,30,2541
MMR222,Shan,MMR014D003,Langkho,MMR014019,Mongnai,8485,269,6089,1115,1219,8,1,1148
MMR222,Shan,MMR014D003,Langkho,MMR014020,Mawkmai,7194,77,3975,934,239,1,1,2557
MMR222,Shan,MMR014D003,Langkho,MMR014021,Mongpan,5421,157,3387,1938,357,9,1,843
MMR222,Shan,MMR015D001,Lashio,MMR015001,Lashio,64932,5127,46569,6024,3663,23,17,9167
MMR222,Shan,MMR015D001,Lashio,MMR015002,Hseni,11779,526,8577,2236,2170,5,4,951
MMR222,Shan,MMR015D001,Lashio,MMR015003,Mongyai,13328,320,7787,1260,1424,37,34,4930
MMR222,Shan,MMR015D001,Lashio,MMR015004,Tangyan,35142,874,23061,2069,1879,23,11,12794
MMR222,Shan,MMR015D002,Muse,MMR015009,Muse,32758,3761,25648,4573,5640,45,32,801
MMR222,Shan,MMR015D002,Muse,MMR015010,Namhkan,21417,1064,16347,3544,2335,20,15,283
MMR222,Shan,MMR015D002,Muse,MMR015011,Kutkai,32080,1157,19539,1660,1429,12,9,7703
MMR222,Shan,MMR015D003,Kyaukme,MMR015012,Kyaukme,38256,1082,24690,6274,2301,14,15,6929
MMR222,Shan,MMR015D003,Kyaukme,MMR015013,Nawnghkio,32224,1157,21215,4638,3670,50,77,7182
MMR222,Shan,MMR015D003,Kyaukme,MMR015014,Hsipaw,37906,1039,27602,4564,3037,205,126,6293
MMR222,Shan,MMR015D003,Kyaukme,MMR015015,Namtu,11641,249,7168,633,527,13,1,2417
MMR222,Shan,MMR015D003,Kyaukme,MMR015016,Namhsan,13685,145,6737,142,73,4,4,137
MMR222,Shan,MMR015D003,Kyaukme,MMR015017,Mongmit,13652,328,10252,5113,299,30,198,4394
MMR222,Shan,MMR015D003,Kyaukme,MMR015018,Mabein,8632,798,7518,3277,529,291,495,5432
MMR222,Shan,MMR015D003,Kyaukme,MMR015019,Manton,7683,75,2696,53,54,2,3,1238
MMR222,Shan,MMR015D004,Kunlong,MMR015020,Kunlong,10392,421,6772,435,703,34,8,1332
MMR222,Shan,MMR015D005,Laukkaing,MMR015022,Laukkaing,15181,2349,8754,1087,883,6,6,328
MMR222,Shan,MMR015D005,Laukkaing,MMR015023,Konkyan,9665,315,4770,82,231,0,1,339
MMR222,Shan,MMR015D006,Hopang,MMR015021,Hopang,11216,614,5824,562,997,23,18,2722
MMR222,Shan,MMR015D006,Hopang,MMR015008,Mongmao,10445,409,5109,198,266,14,31,5665
MMR222,Shan,MMR015D006,Hopang,MMR015007,Pangwaun,13969,466,6070,221,457,21,38,8352
MMR222,Shan,MMR015D007,Matman,MMR015024,Matman,3318,16,1425,9,4,1,5,134
MMR222,Shan,MMR015D007,Matman,MMR015005,Pangsang,16457,1594,9174,314,175,14,18,1006
MMR222,Shan,MMR015D007,Matman,MMR015006,Narphan,16474,168,7411,179,230,17,36,6357
MMR222,Shan,MMR016D001,Kengtung,MMR016001,Kengtung,34096,1312,26795,6815,1807,38,34,3364
MMR222,Shan,MMR016D001,Kengtung,MMR016002,Mongkhet,8025,62,5252,259,214,8,17,3534
MMR222,Shan,MMR016D001,Kengtung,MMR016003,Mongyang,19404,1607,14071,1045,2994,16,81,2444
MMR222,Shan,MMR016D001,Kengtung,MMR016005,Mongla,5208,929,4427,385,1336,4,5,598
MMR222,Shan,MMR016D002,Monghsat,MMR016006,Monghsat,19111,1051,11080,2693,433,12,43,3015
MMR222,Shan,MMR016D002,Monghsat,MMR016007,Mongping,13299,190,7557,782,171,29,21,3242
MMR222,Shan,MMR016D002,Monghsat,MMR016008,Mongton,12521,511,6433,1222,429,16,8,1066
MMR222,Shan,MMR016D003,Tachileik,MMR016009,Tachileik,37673,3973,27883,14212,1292,24,91,1332
MMR222,Shan,MMR016D004,Monghpyak,MMR016010,Monghpyak,6165,122,4513,1401,448,1,1,388
MMR222,Shan,MMR016D004,Monghpyak,MMR016011,Mongyawng,17196,684,14358,2229,4600,32,59,1280
MMR017,Ayeyarwady,MMR017D001,Pathein,MMR017002,Kangyidaunt,42966,252,7475,14848,1137,6346,2337,5964
MMR017,Ayeyarwady,MMR017D001,Pathein,MMR017007,Kyaunggon,41402,157,8573,20569,2059,3227,414,5588
MMR017,Ayeyarwady,MMR017D001,Pathein,MMR017005,Kyonpyaw,59488,255,13064,35180,2677,2228,711,10366
MMR017,Ayeyarwady,MMR017D001,Pathein,MMR017004,Ngapudaw,76652,328,11434,11827,981,8348,7739,11094
MMR017,Ayeyarwady,MMR017D001,Pathein,MMR017001,Pathein,85687,1810,28752,37300,796,4768,3251,8628
MMR017,Ayeyarwady,MMR017D001,Pathein,MMR017006,Yegyi,50715,580,12189,25194,2192,6130,1423,12821
MMR017,Ayeyarwady,MMR017D001,Pathein,MMR017003,Thabaung,37237,103,5131,6826,374,13942,2596,8067
MMR017,Ayeyarwady,MMR017D006,Pyapon,MMR017025,Kyaiklat,43748,127,3835,9935,625,12324,6272,1136
MMR017,Ayeyarwady,MMR017D006,Pyapon,MMR017026,Dedaye,48610,143,4155,9029,1204,7446,8054,3811
MMR017,Ayeyarwady,MMR017D006,Pyapon,MMR017023,Pyapon,69416,408,9542,14296,1285,10252,6790,4445
MMR017,Ayeyarwady,MMR017D006,Pyapon,MMR017024,Bogale,75987,399,4868,14409,1927,15207,9796,6453
MMR017,Ayeyarwady,MMR017D005,Maubin,MMR017021,Nyaungdon,51201,353,12234,22737,2114,8726,2890,5335
MMR017,Ayeyarwady,MMR017D005,Maubin,MMR017022,Danubyu,44797,188,10017,24495,1824,5506,1504,9424
MMR017,Ayeyarwady,MMR017D005,Maubin,MMR017020,Pantanaw,60277,510,12985,31676,2951,14623,3464,5990
MMR017,Ayeyarwady,MMR017D005,Maubin,MMR017019,Maubin,71804,464,13201,27013,1871,14869,6164,5218
MMR017,Ayeyarwady,MMR017D003,Myaungmya,MMR017014,Myaungmya,66172,360,11451,21520,1088,8595,4728,5450
MMR017,Ayeyarwady,MMR017D003,Myaungmya,MMR017017,Wakema,67448,123,6966,20807,1347,13410,6717,7624
MMR017,Ayeyarwady,MMR017D003,Myaungmya,MMR017015,Einme,46455,229,7635,17325,1955,7105,2055,5271
MMR017,Ayeyarwady,MMR017D004,Labutta,MMR017018,Mawlamyinegyun,74886,124,5039,16053,761,17279,11112,8852
MMR017,Ayeyarwady,MMR017D004,Labutta,MMR017016,Labutta,75583,189,5151,11949,792,16127,8732,9856
MMR017,Ayeyarwady,MMR017D002,Hinthada,MMR017012,Kyangin,26857,357,10658,16167,457,490,183,10261
MMR017,Ayeyarwady,MMR017D002,Hinthada,MMR017009,Zalun,42073,162,9540,21489,1552,3953,1067,8975
MMR017,Ayeyarwady,MMR017D002,Hinthada,MMR017011,Myanaung,59920,321,18908,38410,682,1396,459,19204
MMR017,Ayeyarwady,MMR017D002,Hinthada,MMR017010,Lemyethna,26244,74,5887,11795,729,2428,255,8855
MMR017,Ayeyarwady,MMR017D002,Hinthada,MMR017008,Hinthada,86129,809,23851,52931,2671,4150,1015,18427
MMR017,Ayeyarwady,MMR017D002,Hinthada,MMR017013,Ingapu,57229,240,14306,32611,784,2771,378,20539
MMR018,Nay Pyi Taw,MMR018D001,Nay Pyi Taw (North),MMR018003,Tatkon,51747,655,20208,19180,272,178,16,21065
MMR018,Nay Pyi Taw,MMR018D001,Nay Pyi Taw (North),MMR018001,Zay Yar Thi Ri,26075,1115,13523,8439,210,37,17,2744
MMR018,Nay Pyi Taw,MMR018D001,Nay Pyi Taw (North),MMR018008,Oke Ta Ra Thi Ri,18661,535,7524,3105,78,170,12,4447
MMR018,Nay Pyi Taw,MMR018D001,Nay Pyi Taw (North),MMR018005,Poke Ba Thi Ri,27616,1079,12193,9240,140,6,6,3393
MMR018,Nay Pyi Taw,MMR018D002,Nay Pyi Taw (South),MMR018006,Pyinmana,39663,1944,19474,18888,287,79,21,3311
MMR018,Nay Pyi Taw,MMR018D002,Nay Pyi Taw (South),MMR018007,Lewe,65174,792,21545,21643,605,227,44,19016
MMR018,Nay Pyi Taw,MMR018D002,Nay Pyi Taw (South),MMR018002,Za Bu Thi Ri,26320,2136,12608,6778,78,7,15,187
MMR018,Nay Pyi Taw,MMR018D002,Nay Pyi Taw (South),MMR018004,Det Khi Na Thi Ri,6997,152,2831,2509,74,4,11,1301
